rating,kast,impact,firepower,kpr,apr,dpr,kd,adr,0kpr,1kpr,2kpr,3kpr,4kpr,5kpr
0.98,71,0.93,26,0.598783127596092,0.19,0.6703913882876031,0.8931843965442011,68.5,0.5766688117943017,0.2847949452992453,0.1070028666705669,0.026560580354531096,0.004563271514655122,0.00040952436669981865
1.11,71.5,1.11,63,0.7079852990310725,0.12,0.6218676912796525,1.1384822028206851,72.2,0.518543267624457,0.309221516872703,0.1259605746742399,0.03875709989976612,0.0070163715335783495,0.0005011693952555964
1.09,70.2,1.09,61,0.6986713808247935,0.1,0.6230146672927658,1.1214364885834627,71.8,0.5270005248183852,0.30061044664806785,0.12758611164820596,0.03693064110709057,0.007264591332210038,0.0006076844460403834
1.09,73.1,1.12,63,0.6849376558603492,0.17,0.6706733167082294,1.0212686844649363,75.7,0.5351122194513716,0.2966583541147132,0.12438902743142144,0.03680798004987531,0.006084788029925187,0.0009476309226932668
1.02,71.2,0.94,46,0.6543291913083926,0.15,0.6611070503023456,0.9897477133380239,71.9,0.5468137417768623,0.2986909429197953,0.11602099807296166,0.03129776064854808,0.006179812612133697,0.0009967439696989832
1.01,71.2,0.97,31,0.6063651591289783,0.17,0.6495920462527692,0.9334553318915322,70.9,0.5712433133408981,0.2897552277516615,0.10547360458205003,0.02885394715513049,0.004268655103474361,0.00040525206678554063
1.07,71.7,1.05,59,0.6753572673405368,0.15,0.6555594283722551,1.030199914929817,75,0.5368653421633555,0.29980248634832113,0.12162193563378645,0.035018008597653076,0.006204252352736145,0.0004879749041477867
1.08,72.4,1.06,61,0.6765777488614183,0.18,0.6649967469095641,1.0174151257215536,76,0.5413142485361093,0.29316851008458034,0.12186076772934287,0.035849056603773584,0.006896551724137931,0.0009108653220559532
1.12,71.5,1.17,66,0.7092705882352941,0.12,0.6144941176470589,1.1542349517537143,73.4,0.521443137254902,0.3046274509803922,0.1268078431372549,0.038337254901960785,0.007905882352941176,0.0008784313725490196
1.09,72.3,1.11,66,0.6880180532048779,0.19,0.6680987718613027,1.0298148749594025,77.3,0.5310506444473376,0.3009156793820249,0.1254610944755457,0.03471770168814824,0.007247320227400946,0.0006075597795425942
1.02,68.8,1.01,48,0.6406597383796081,0.17,0.67933405718422,0.9430702488773879,75.2,0.5577271082157076,0.2909622046429864,0.11175740654568016,0.03257328990228013,0.00643710252830774,0.0005428881650380022
1.02,70.3,1.05,47,0.6454028567466371,0.19,0.7068367771460269,0.9130861290955464,73.8,0.5585910414644294,0.28858688115379283,0.1101095548467619,0.03480793232561365,0.007349882124531965,0.000554708084870337
1.04,70.5,1.03,49,0.6569515755562267,0.15,0.6624383368569415,0.9917173252279635,72.7,0.5494815262257122,0.292962851102386,0.11753750125843149,0.032366857948253294,0.006443169233866908,0.0012080942313500453
1.18,75.3,1.1,66,0.7255524212505877,0.1,0.5507757404795487,1.317328211694409,72.6,0.5037023977433004,0.3220498354489892,0.12770333803479078,0.03872825575928538,0.007169722614010343,0.0006464503996238834
1.11,72.7,1.11,75,0.7216953678660687,0.14,0.668218699715841,1.0800286914642894,77.7,0.5155602725187443,0.3067205313430792,0.12770036632544762,0.04142558800369749,0.007668869184155568,0.0009243726248758944
1.08,73,1.07,61,0.6848098822621116,0.19,0.6586566299942096,1.0397069597069597,75.5,0.5301100173711639,0.3059254970082996,0.12130862767805443,0.0352248600656244,0.006562439683458792,0.0008685581933989577
1.15,72.6,1.15,79,0.7197907771135781,0.15,0.636528608027327,1.1308066409525406,79.9,0.5205486763450042,0.2989432109308284,0.13071093082835183,0.040697053800170795,0.008166097352690008,0.0009340307429547396
1.08,71.8,1.14,67,0.6963930073025005,0.17,0.6916353175481301,1.0068788993760998,76.5,0.529431290108431,0.30172604558530647,0.12082319097145386,0.04027439699048462,0.006527992918787342,0.0012170834255366232
1.12,72.7,1.12,69,0.7040914611164621,0.13,0.6355375015704176,1.1078676858197154,76,0.5234725072239206,0.3032790317852506,0.12814606976841575,0.03660119770509653,0.007789270907491938,0.000711922609824532
1.1,71.8,1.15,70,0.69620767756548,0.19,0.6809919275219235,1.0223435101483882,78.2,0.5317962715604855,0.29664905046750684,0.12462976944073408,0.03821360125442825,0.007898251931006446,0.0008130553458388989
1.13,72.6,1.16,72,0.7003419245467345,0.17,0.6463523259489125,1.0835296732607247,79.1,0.5275407292474786,0.3000028733155188,0.12593741918800103,0.03841622848605005,0.007298221417693877,0.0008045283452575927
1.23,74.6,1.25,91,0.7678135799959341,0.16,0.6065257166090668,1.2659208982738395,85.6,0.4885393372636715,0.3208985566171986,0.13628278105305958,0.04380971742224029,0.009427729213254727,0.0010418784305753202
1.12,71.2,1.17,78,0.7144108628996934,0.19,0.671484888304862,1.0639269406392695,81.2,0.520124592397917,0.3034019564899985,0.1276098700540225,0.040395191512142894,0.007738355964374361,0.0007300335815447511
1.06,69.9,1.11,59,0.6660052245554104,0.17,0.6836380990656084,0.9742072969100195,76.8,0.546292575102984,0.2921983321611574,0.1192354064101276,0.03441173515522958,0.007208881744197729,0.000653069426303627
1.03,69.4,1.07,51,0.6488044354346286,0.16,0.6819969225508634,0.9513304444364861,74.3,0.5557726595510832,0.2866668294946633,0.11774906577436925,0.03331460811371907,0.0057885352807561736,0.0007083017854089832
1.07,72,1.06,60,0.6779163203103352,0.17,0.6634524799113328,1.0218008686936184,75.8,0.5370462732058742,0.2996397894153505,0.11970074812967581,0.03640897755610972,0.006372956497644777,0.0008312551953449709
1.09,71.9,1.14,60,0.6771062581118447,0.16,0.6625472603126235,1.0219742781705137,74.6,0.5483324868799729,0.2831104339484228,0.1218328536764291,0.03730037808250099,0.008690254500310366,0.0007335929123638621
1.11,73.4,1.02,63,0.7061058093208561,0.11,0.6099014793539023,1.157737492404294,72.9,0.5176503289168906,0.31081874054170916,0.12724296612001607,0.03706105809320856,0.006516569381389172,0.0007103369467864974
1.09,70.7,1.16,70,0.6991974814853044,0.15,0.6707609733439992,1.042394398707394,77.4,0.5328877764302119,0.2942997961448146,0.12344850721234485,0.04022914355017676,0.008360643046989911,0.0007741336154620288
1,71,0.95,33,0.6161374845869297,0.17,0.6645345252774353,0.9271715180331671,70.1,0.5696670776818742,0.2869143033292232,0.10835388409371147,0.028668310727496916,0.0054716399506781754,0.0009247842170160296
1.12,72.5,1.15,67,0.7183745237862655,0.14,0.6339747973038976,1.1331278890600924,73,0.5152876819380678,0.30780502100224677,0.12855328709582886,0.04063690534336231,0.007033310540197324,0.000683794080296962
1.05,71.2,1.02,51,0.6572843077265395,0.16,0.6656283028313956,0.9874644827009861,73.9,0.5488679979974411,0.29504366690771544,0.11420147966846526,0.03448851310007232,0.00661956944985259,0.0007787728764532459
1.06,72.6,1.05,55,0.6673745686222459,0.21,0.6602070613220069,1.0108564535585043,74.3,0.5428723121847624,0.2954605787098487,0.12052030793735068,0.03451022033448367,0.005840191133528006,0.0007963897000265463
1.11,69.9,1.18,81,0.7248101034135628,0.17,0.6935572435252128,1.0450616876690637,81.6,0.5185320765077331,0.3016381440468564,0.12725359201976755,0.04278392971538391,0.008648302370275465,0.0011439553399835271
1.08,71,1.06,45,0.6622996907506326,0.11,0.6071408490300815,1.0908501574365623,70.3,0.5392746696654485,0.3047230812482429,0.11754287320775934,0.032190047793084056,0.005425920719707619,0.0008434073657576609
1.07,72,1.01,60,0.6871794871794872,0.12,0.6338983050847458,1.0840532017002604,73.6,0.5312762566999855,0.3023902651021295,0.12200492539475591,0.037027379400260754,0.006808633927277995,0.000492539475590323
1.06,70.7,1.11,64,0.6828936801136715,0.19,0.7011181812565639,0.974006520398273,77.3,0.5300549823932785,0.3061098412306172,0.12293816025205412,0.03354543769691728,0.006486686847470192,0.0008648915796626923
1.1,72.7,1.08,56,0.6931925534870798,0.11,0.6094748541261461,1.137360382949624,71,0.5279522089469297,0.3051958877465963,0.12089469297026952,0.03812170047235343,0.007335370936371214,0.0005001389274798555
1.1,72.4,1.13,66,0.6908096411612671,0.16,0.6578109034080664,1.0501644736842106,76.1,0.5377171365029753,0.29145879665805136,0.12273847448458255,0.0392498647592715,0.008054336719360462,0.0007813908757588507
1.09,71.5,1.13,63,0.6873757155769811,0.14,0.6614642964748418,1.0391728158877653,75.1,0.5403736065079844,0.2913528171135884,0.11979511901175052,0.03874661042482676,0.008466405543838505,0.0012654413980114493
1.12,72.1,1.17,81,0.7293413173652694,0.16,0.6862275449101797,1.0628272251308901,79.2,0.5205089820359281,0.2940119760479042,0.13203592814371257,0.043488023952095806,0.008982035928143712,0.0009730538922155689
1,70.3,0.95,32,0.6188488333517638,0.14,0.6580504257436691,0.9404276771835482,69.1,0.5661284971801394,0.2893121751631096,0.1095598805706071,0.02996793099635077,0.004644476390578348,0.0003870396992148623
1.04,70.2,1.09,51,0.6558742338464417,0.18,0.6864268001684368,0.9554904232840297,73.6,0.546904973564778,0.295653394469658,0.11893510503906798,0.03242408646423057,0.005333832405371263,0.0007486080568942123
1.07,72.9,1.02,44,0.6637790460660415,0.15,0.6218915613534448,1.067354965585054,69.1,0.5403587443946188,0.3030982470444354,0.11659192825112108,0.032511210762331835,0.007236037505095801,0.00020383204239706482
1.11,72.8,1.04,71,0.7164692003898036,0.13,0.6224547366261476,1.1510382333553064,75.8,0.5138226393804175,0.31117607837103145,0.12876339949735857,0.03800584705339283,0.0074113966251218135,0.0008206390726778479
1.06,68.7,1.13,67,0.7020148462354189,0.15,0.689289501590668,1.0184615384615385,75.9,0.5291622481442205,0.3008635055294652,0.12028480533252538,0.039539463717618545,0.008786547492804121,0.0013634297833661567
1.07,71.2,1.15,65,0.6865520728008089,0.18,0.7090856565072945,0.9682216337339581,76.5,0.5399874813423853,0.29226250662044395,0.11984207231932206,0.03803745967547788,0.008859357696566999,0.0010111223458038423
1.1,69.8,1.21,79,0.7149796069707082,0.18,0.7197256210604375,0.9934058008345783,81.7,0.5238783833889507,0.299962921764924,0.12458286985539488,0.04171301446051168,0.008602150537634409,0.001260659992584353
1.07,70.2,1.18,65,0.6840532664428788,0.17,0.7098380611605002,0.9636751026347243,76.9,0.5402264930465897,0.29255966653141025,0.12080858755394887,0.03674056586373529,0.008668707809214651,0.000995979195101258
1.12,72.2,1.17,77,0.719210490739489,0.16,0.6734261637600829,1.0679871520342612,78.1,0.5204362128790951,0.29764318868009554,0.13343247262403676,0.0400162227930242,0.007705826686494525,0.0007660763372538417
1.15,72.1,1.22,87,0.7420967808587132,0.17,0.6815157651142609,1.0888915837982052,82.5,0.5144840695896524,0.2945163023265424,0.13707177982561264,0.0431009545849002,0.010000413240216537,0.0008264804330757469
0.98,70.4,0.98,30,0.6067386831275721,0.18,0.6859996570644719,0.8844591639067675,69.7,0.5724022633744856,0.28660836762688613,0.10858196159122085,0.026920438957475996,0.005229766803840878,0.000257201646090535
1.14,73.4,1.11,81,0.736366054801809,0.15,0.6338919925512104,1.1616585529629009,78.7,0.5076882149507848,0.3080074487895717,0.1343974461292897,0.040755520085129025,0.008459696727853152,0.0006916733173716414
0.98,69.9,0.92,36,0.6341604154645124,0.17,0.6820542412002308,0.9297800338409475,70.1,0.552798615118292,0.3006347374495095,0.11079053664166186,0.031736872475476054,0.003462204270051933,0.0005770340450086555
1.19,72.9,1.2,83,0.7641159551922495,0.09,0.5996442627914017,1.2742821079204796,77.1,0.4936042991220103,0.3119891008174387,0.14119739630638814,0.04405086285195277,0.008212231304874357,0.0009461095973357554
1.06,73,1.01,54,0.677683324064511,0.17,0.6572654325891794,1.0310649099480238,71.8,0.5405577182807658,0.2964169381107492,0.11805831413362994,0.03606896003813458,0.007547469611503933,0.0013505998252164933
1.02,70.9,0.97,40,0.6360915567171099,0.15,0.6560721662521604,0.9695451040863531,71.1,0.5595413733507566,0.2900982169202883,0.11275976900054799,0.03060321207267209,0.006322977700965308,0.0006744509547696329
1.08,72,1.06,57,0.673413090191068,0.16,0.6476566583425286,1.0397686513629842,75,0.5347581160346129,0.30457634008943607,0.12041930425692549,0.03350949532493176,0.006214065857483013,0.0005226784366107207
1.19,71.8,1.25,85,0.7557223264540338,0.13,0.6103622456342906,1.2381537879504398,79.1,0.49937941982970124,0.30927983836051376,0.13918314331072304,0.041593303506999565,0.009525184009236543,0.0010391109828258047
1.11,70.6,1.16,78,0.7201000673530261,0.15,0.674107572404503,1.0682272337996004,79.1,0.521889733474454,0.2981493954264088,0.12854806119503512,0.04191924051444883,0.00837101895506591,0.0011225504345873825
1.15,73.6,1.11,78,0.734731914524728,0.14,0.613497464349183,1.1976119824784512,78,0.5009752503142473,0.31905855836331326,0.13298079840492394,0.038966668111481945,0.007281869013046682,0.0007368557929868666
1.05,70.1,1.1,61,0.6813424207387574,0.15,0.6933304935191383,0.9827094395927503,74.9,0.5436925698290026,0.2891133694395424,0.11921134302927038,0.039067729568551084,0.007971764133146717,0.0009432240004868253
1.3,74.9,1.45,99,0.8632348268191928,0.17,0.6716237686685732,1.2852952308856926,90.5,0.46266285351128056,0.3078487448363521,0.15144582141722276,0.06151890689545599,0.014680648236415635,0.0018430251032729584
1.04,73.1,0.98,35,0.6222985758390599,0.17,0.6368887560999901,0.9770914777169664,69.8,0.5689672343392093,0.2832387212429041,0.11134349168409521,0.030176277263220794,0.005527337914550344,0.0007469375560203167
1.06,68.8,1.16,73,0.7088716623600344,0.14,0.7174131495836922,0.9880940470235118,77.5,0.5239018087855297,0.29816250358886015,0.13149583692219352,0.03875968992248062,0.0069623887453344815,0.000717772035601493
1.16,73.1,1.2,83,0.7345900439238653,0.17,0.6379209370424598,1.1515377553362405,80.9,0.5064055636896047,0.3103587115666179,0.1349926793557833,0.03945827232796486,0.008052708638360176,0.0007320644216691069
1.1,71.6,1.1,67,0.701380741810306,0.14,0.6448876455193575,1.0876014553596418,75.6,0.5260957193995729,0.3023794483049063,0.12483831182504587,0.038143368528712814,0.007821195439641429,0.0007219565021207473
1.1,70.8,1.13,76,0.7087284081468962,0.16,0.6709731014924518,1.0562694787175,79.9,0.5291185654129308,0.2949096221604744,0.12486751267581427,0.04147927468561116,0.008479188747887364,0.0011458363172820762
1.14,72.1,1.16,81,0.72110592308903,0.16,0.6565762551807355,1.0982820615261686,81,0.5203819316929856,0.2982005141388175,0.13126278789150622,0.04115733697077803,0.008079324274697026,0.000918105031215571
1.16,71.5,1.25,88,0.7507006274645966,0.16,0.6750824632325587,1.1120132255694342,83.1,0.5038565511768062,0.3066888222018303,0.13647975000620025,0.04206244884799484,0.009697180129461075,0.0012152476377073982
1.03,71.3,1.05,45,0.649548264384213,0.16,0.6691631003328579,0.9706875111032155,70.8,0.5580123632905373,0.28506894912030434,0.11554921540656206,0.03340466000951022,0.006657156443176415,0.001307655729909653
1.12,72.8,1.19,73,0.7036362765294879,0.18,0.6838020409140996,1.0290058151755062,79.3,0.5281943180184928,0.2991903415896134,0.12341302160686053,0.040003832702534374,0.00838403679394433,0.0008144492885545921
1.03,70.7,0.99,48,0.6596755310252551,0.14,0.6547917711991972,1.0074584929757344,71.1,0.550627195183141,0.2886770362936946,0.11861515303562468,0.035122930255895635,0.006389028265596254,0.0005686569660478341
1.11,75,0.97,55,0.6728332119446467,0.15,0.5879679533867443,1.1443365375086711,74,0.5351784413692644,0.3042971595047342,0.1204952658412236,0.03332847778587036,0.0059431900946831755,0.0007574654042243263
1.06,70.4,1.05,60,0.6758992113868052,0.15,0.6713470539206258,1.0067806322223283,75.4,0.5445919087003911,0.28989549272295956,0.1199589664679105,0.037026351221388726,0.007629672372892223,0.0008976085144579086
1.07,71.3,1.03,45,0.663895668090299,0.11,0.6128991254830181,1.0832054419511385,69.2,0.5433445190156599,0.2977679479357332,0.11803437055114907,0.034167175106772425,0.00587248322147651,0.0008135041692088672
1.1,71.7,1.11,66,0.700848711360274,0.13,0.6517168885774351,1.0753882915173238,75.1,0.5273689947831504,0.30063069376313944,0.12536011835240987,0.037997352643463364,0.007708479327259986,0.000934361130576968
1.12,72.6,1.1,76,0.7251354872821346,0.14,0.6496025076949223,1.1162756896601842,77.4,0.5116604037237759,0.3091942519402534,0.13121966878788452,0.03910720018127915,0.007912079611760485,0.0009063957550465471
1.02,72.4,0.96,32,0.6158211271704336,0.19,0.6566592297992045,0.9378092916758992,70,0.565525269182268,0.29192938209331654,0.10883693859734213,0.028955281792608402,0.004413619167717529,0.0003395091667475022
1.15,70.5,1.27,87,0.7446743761412051,0.17,0.6932778792182323,1.0741354923669706,83.2,0.5122066680192061,0.29935078109149926,0.13248123351592614,0.04446473253533509,0.010515993778318794,0.0009805910597146142
1.13,72.4,1.1,78,0.7203695556533216,0.15,0.6448306203255609,1.1171453912806169,80.2,0.5130884293884734,0.30974483062032554,0.13015838099428068,0.03851737791465024,0.007699076110866696,0.0007919049714034316
1.05,70.3,1.13,63,0.6806598091001761,0.17,0.7009544991196367,0.9710470650449498,75.2,0.5406357149476415,0.28950050968399593,0.12751366879807247,0.03419516263552961,0.007228245760355852,0.0009266981744045964
1.12,73.1,1.18,70,0.701180744777475,0.16,0.6628606029150989,1.0578102570794727,77.5,0.531594654210458,0.2965269668266943,0.12179404005017085,0.04048267808485792,0.008390640543229098,0.0012110202845897668
1.12,73.1,1.09,73,0.7060001334846159,0.15,0.6535406794366949,1.0802696078431373,78.4,0.5268304077955016,0.29947273576720285,0.12464126009477408,0.03981178669158379,0.008409530801575119,0.000834278849362611
1.09,70,1.1,63,0.7139328322909549,0.1,0.6292111210385242,1.1346475108586702,71.3,0.514216639512272,0.31166237452041834,0.12928995637777896,0.036316812950018394,0.007830977032637831,0.0006832396068744416
1.17,73.6,1.16,85,0.7408030957885214,0.15,0.6286561463463665,1.1783915580781836,82,0.5105538245049753,0.3046286058900392,0.12998793848628004,0.04407478138506383,0.009799979897477133,0.0009548698361644386
1.01,70,0.99,34,0.6196926919318059,0.16,0.6557986752090347,0.944943494639235,70.8,0.5662395482679987,0.2897165816049517,0.10793788684982082,0.030730806819415788,0.004967966120099902,0.00040721033771310675
1.21,73.9,1.23,85,0.7721298495645289,0.14,0.6033254156769596,1.2797900262467192,78.3,0.4806017418844022,0.32660332541567694,0.14180522565320666,0.042596991290577986,0.007838479809976246,0.0005542359461599367
1.01,69.8,1.06,43,0.6428362999708199,0.17,0.7059235482929677,0.9106316137566137,71.4,0.5548292967610154,0.29279252990954185,0.1140355996498395,0.032039684855558796,0.005660927925299096,0.0006419608987452582
1.1,71.9,1.12,75,0.7155438507065387,0.15,0.6832044856002039,1.0473348254994612,78.1,0.529578342253561,0.2915356950698043,0.12516636932574407,0.042420638291847196,0.010081273185512418,0.0012176818735309943
1.12,71.4,1.12,70,0.7290469728902619,0.1,0.6176631925397696,1.1803309339067027,73.4,0.5059040910009528,0.31434593065219274,0.1326616046424344,0.039495337356006584,0.007073360856887144,0.0005196754915264024
1.1,70.6,1.13,65,0.711121157323689,0.1,0.6370446912942392,1.1162814274128143,72.9,0.5228946008783261,0.30156936192198397,0.12787393438388014,0.03816843192973392,0.008169723585636786,0.001323947300439163
1.14,74.4,1.08,69,0.7201408373218903,0.14,0.5981185014028718,1.2040103016924208,74.8,0.5103152335368872,0.3159487264124993,0.12603840017604664,0.03939043846619354,0.007592011883149035,0.0007151895252241844
1.13,72.5,1.12,76,0.7179798681013537,0.15,0.634444058775888,1.1316677304641196,79,0.515156774268194,0.309788267962513,0.12674997107485828,0.039685294457942846,0.007462686567164179,0.0011570056693277796
1.15,74.6,1.06,60,0.6875523174701597,0.13,0.564532630599907,1.2179142182437257,74.1,0.5243528135172841,0.3112695706092079,0.12435281351728414,0.032894124941869475,0.0067586420709967445,0.000372035343357619
1.11,72.4,1.12,69,0.7025215889464594,0.16,0.6604835924006909,1.0636472987814445,76.5,0.5266666666666666,0.3001727115716753,0.12659758203799654,0.037927461139896375,0.007806563039723662,0.0008290155440414508
0.91,67.2,0.87,16,0.5647387557231349,0.14,0.6871801777538379,0.8218204977464236,66,0.5978656073256127,0.27434015620791813,0.09793293832480474,0.025249124697010503,0.004275518448693779,0.00033665499596014
1.08,72.8,1.08,59,0.6822458897735498,0.18,0.6585668493433978,1.035955409012404,74,0.538724020266777,0.29541929479888324,0.1203598386929997,0.03660428083962362,0.008168751938786061,0.0007238134629304105
1.15,72.2,1.17,85,0.7439105403011514,0.15,0.6581266607617361,1.1303455469196864,81.4,0.5091231178033658,0.3021922054915855,0.13467670504871568,0.044530558015943314,0.008613817537643932,0.0008635961027457928
1.09,70.8,1.1,60,0.710276101663924,0.1,0.6336624611446334,1.1209060741595729,70.1,0.5202505028341562,0.3051289083927592,0.12771987566282683,0.03826110806363138,0.008273907478515268,0.00036569756811117204
1.12,73.7,1.08,55,0.6990344325013663,0.1,0.5741482965931863,1.2175154688243695,68.8,0.5196757150664967,0.31116779012570595,0.1278010566587721,0.03397704499908909,0.00655857168883221,0.0008198214611040263
1.12,70.4,1.18,82,0.7291050792797635,0.15,0.6885245901639344,1.0589383294301327,81.2,0.5136313416345666,0.30475678581026605,0.13168503090567052,0.039983278091313565,0.008689420406700708,0.0012541431514825764
1.18,72.3,1.24,89,0.7481225296442687,0.19,0.6514822134387351,1.1483391475807674,84.9,0.5080368906455863,0.3012187088274045,0.13682476943346508,0.04357707509881423,0.009189723320158103,0.001152832674571805
1.17,72.7,1.25,85,0.7392756680731364,0.18,0.6670182841068917,1.1083289404322614,82.1,0.5121308016877637,0.30215658696671355,0.13162212845757149,0.04348335677449602,0.009610876699484294,0.0009962494139709329
1,73.7,0.81,15,0.5802199916621236,0.13,0.5859282301253889,0.9902577855618193,63.5,0.5843247923548087,0.2862136420485521,0.09912452297726325,0.025975691883398006,0.003976525671038707,0.0003848250649392297
1.04,70.7,1.03,53,0.6722298795469527,0.13,0.6612033319350392,1.0166764852494676,71.8,0.5400011985377839,0.2969976628513214,0.12108227961886499,0.035266974291364536,0.005992688919518188,0.0006591957811470006
1.07,72.2,1.05,62,0.6848037851377679,0.19,0.6688700250487059,1.0238219078331425,75.1,0.5383384358474812,0.2939743946562761,0.12211244085722238,0.03680768160311717,0.007653771221820206,0.001113275814082939
1.18,73.5,1.27,80,0.7415102450207767,0.16,0.6311076085399054,1.174934725848564,77.6,0.5053732626450781,0.30928499785069496,0.13447485313082103,0.04105172660839662,0.008955437741796819,0.0008597220232124946
1.18,74.4,1.12,63,0.710756836249707,0.1,0.540996184914427,1.31379269589883,72.2,0.5118182399454378,0.31601270274302523,0.1290521963383704,0.03633922291608943,0.006266118203712781,0.0005115198533643087
1.19,73.9,1.2,87,0.7552193645990923,0.15,0.6306101865859809,1.1976009596161536,81.2,0.5060514372163388,0.3009581442259203,0.1367624810892587,0.0453857791225416,0.009631870902672719,0.001210287443267776
1.13,74.7,1.08,72,0.7193399732421585,0.16,0.6428571428571429,1.1189732917100244,76.2,0.5202170358257767,0.3042217927753828,0.12397799910807195,0.04021108963876914,0.010331499925672663,0.001040582726326743
1.12,72.6,1.19,75,0.7167687468962093,0.2,0.6972355570269823,1.0280151946818614,79.4,0.5166363184903162,0.31071014732660157,0.12398609501738123,0.038238702201622246,0.008773381890415493,0.0016553550736633008
1.08,70.6,1.1,69,0.6950838932334692,0.16,0.6722105958806036,1.034026981266044,76.9,0.5351543855784411,0.29147850350625987,0.12604178140030106,0.03858721591952124,0.007930388809340235,0.0008077247861365055
1.12,74.3,1.04,58,0.7028531663187195,0.12,0.5940617026212016,1.1831315892229597,70.7,0.5180932498260264,0.3123405242403155,0.1268847135235444,0.03444676409185804,0.007770818835536999,0.00046392948271862676
1.14,75.3,1.04,74,0.7136584600909519,0.16,0.6058752809576081,1.1778966439478906,77.5,0.5220845747739271,0.29993204746223406,0.12989388949871936,0.03909884480685798,0.008311118080602165,0.0006795253776592965
1.12,70.5,1.24,83,0.7315689981096408,0.17,0.7059764432165189,1.0362512873326468,82,0.5146381658668994,0.3017788764480636,0.1316707866802385,0.04219378605011875,0.008724734622655227,0.000993650332024623
1.09,72.5,1.01,61,0.6807395592591386,0.13,0.6291136356238404,1.082061364929891,75.3,0.5402493408417695,0.2942612545164545,0.11969011425409329,0.03688030988574591,0.008137755932424075,0.0007812245695127111
1.12,71.5,1.15,78,0.723698422985526,0.15,0.6659753726506805,1.0866744517970677,78.6,0.5169151004536617,0.30179304385396416,0.13100021602938,0.04199611147116008,0.0075610282998487795,0.00073449989198531
1.08,71.9,1.06,65,0.6983159117305459,0.17,0.6762485481997678,1.0326320309145556,75.8,0.5239063104916764,0.30903987611304684,0.12040263259775455,0.03861788617886179,0.007549361207897794,0.00048393341076267905
1,70.2,0.97,34,0.6170579029733959,0.15,0.6775169535732916,0.9107637819525716,70.4,0.5706311945748566,0.284924360980699,0.10748565466875326,0.03109024517475222,0.005451225873761085,0.0004173187271778821
1.16,73.5,1.14,72,0.732964008979651,0.11,0.5821565645593454,1.2590496330389351,74.2,0.5028966615975089,0.31609819682815554,0.13407922369469186,0.03964805561590267,0.006626113404301542,0.000651748859439496
1.03,69.2,1.05,56,0.67338718905188,0.12,0.6950591573792251,0.9688199657579349,74.1,0.5446140467308969,0.29349840950179645,0.11598050209396527,0.0364784767833032,0.008650479437947686,0.0007780854520905325
0.99,68.6,0.92,38,0.6327543424317618,0.12,0.6639095671353736,0.9530730897009967,70,0.5659636062861869,0.28267162944582297,0.1105596912048525,0.03487730907085746,0.005307416597739178,0.0006203473945409429
1.1,71,1.16,78,0.724667867597388,0.16,0.7066539067777527,1.0254919142834382,78.8,0.5135667642422878,0.3069691510920964,0.13065750956991667,0.0397433010583202,0.008162575996397208,0.0009006980409817609
0.92,66.8,0.91,19,0.5755539499036609,0.14,0.6996628131021194,0.8226161790017211,67.2,0.5940269749518304,0.273747591522158,0.10048169556840077,0.02651734104046243,0.004841040462427746,0.0003853564547206166
1.08,71.2,1.11,64,0.6939531829056621,0.15,0.6680114462635455,1.0388342696629214,75,0.5315006802082844,0.29830651592625607,0.12403246235398978,0.03776328751700521,0.00769339025191162,0.0007036637425528921
1.17,74,1.12,72,0.7283131233407476,0.11,0.5796799885197675,1.2564054957296695,74.3,0.5132381430723972,0.30440553921216906,0.132524933629906,0.04147233981488125,0.007354523929109564,0.0010045203415369162
1.11,69.9,1.21,84,0.7329244673983215,0.16,0.6998708844415752,1.0472281154875012,82.2,0.5141058747579084,0.30183989670755323,0.13143963847643642,0.04315687540348612,0.00855390574564235,0.0009038089089735313
1.13,72,1.26,80,0.7269784172661871,0.2,0.704046762589928,1.0325712096053137,79.8,0.5194244604316547,0.29847122302158274,0.1303956834532374,0.04055755395683453,0.009712230215827337,0.0014388489208633094
1.11,72.1,1.1,62,0.7108753315649867,0.12,0.6122747644745267,1.1610397370779804,70.7,0.5187048385621513,0.3055885850178359,0.1302478734107747,0.03777554193725419,0.006951431446080673,0.0007317296259032287
1.08,69.8,1.17,73,0.7063304244934181,0.19,0.7049253069072623,1.0019932857742342,79,0.5229256027214909,0.3045407484099985,0.12453779026771188,0.04000887442685993,0.007247448602277769,0.0007395355716609969
1.06,71.4,1.09,60,0.6713759824893045,0.18,0.6886213643750208,0.9749566557503371,76.8,0.5398136172188506,0.2986104201903625,0.12028653865287037,0.033628494677146556,0.006997645342088681,0.0006632839186813916
1.06,72.1,1.05,60,0.6749901604932873,0.17,0.6805002842524162,0.9919028340080972,75.4,0.5387676564481567,0.29697817816066824,0.12214107666069007,0.03550968644771942,0.005816241745747147,0.0007871605370184108
1.07,71.5,1.05,70,0.7127294433666617,0.16,0.672138486793016,1.0603907637655416,74.7,0.517982390687957,0.3039844799283689,0.13415908073421878,0.0358155499179227,0.007312341441575884,0.0007461572899567229
1.12,73.4,1.05,64,0.6951304030640161,0.13,0.605945650191501,1.1471827594509993,75.6,0.5251504650738646,0.30775123107787705,0.12318074047054532,0.03530913733357651,0.007951851176363305,0.0006565748677731169
1.06,71.5,1,56,0.6713873791114854,0.15,0.6427313787032075,1.044584722883913,74.7,0.5402281252392253,0.2989359258975733,0.1179922937559009,0.0354946541121233,0.006762101610145704,0.0005868993850315139
1.02,68.3,1.06,44,0.6580085129201998,0.11,0.6660187016120924,0.9879730273752013,69,0.5482454670375708,0.2937292623253008,0.11753862653752052,0.03341488755571941,0.006401447866742635,0.0006703086771458256
1.19,75.2,1.12,81,0.7321403915720873,0.15,0.5851765940408141,1.2511443537350762,80,0.5110043354596415,0.30676828763151354,0.1312788225222986,0.04208433435506586,0.007759644326623036,0.0011045757048573717
1.11,72.4,1.15,69,0.7049900617219375,0.19,0.6472434355058061,1.0892193308550187,75.7,0.525891829689298,0.29825295533005547,0.13003452243958574,0.03755622973114343,0.007322941730306517,0.000941521079610838
1.13,71.7,1.15,78,0.7535305089261923,0.12,0.6377564614974687,1.1815333194067266,74.9,0.49760191846522783,0.31348254729549696,0.13629096722621903,0.04396482813749001,0.0077271516120436985,0.0009325872635225154
1.18,71.3,1.31,91,0.7575703913582433,0.19,0.6863821498140605,1.1037151702786379,85.2,0.5078802904196918,0.29614544595950654,0.13883477952895343,0.046278259842984476,0.009385514432442005,0.0014757098164216989
1.06,72.1,1.01,57,0.6761748757342974,0.15,0.6610935381834614,1.0228127136021874,74,0.5362065070040669,0.2997627654767284,0.12392679620424762,0.032760957975598734,0.006439222774514234,0.0009037505648441031
1.02,71.3,0.98,43,0.6389058844700378,0.16,0.6689940615439985,0.9550247471486981,72.6,0.5573510887169336,0.2919920820586647,0.11243476696059025,0.03141983084398056,0.006226381140903365,0.0005758502789274788
1.14,72.7,1.22,79,0.7169212690951822,0.23,0.6903642773207991,1.038468085106383,82.7,0.5200940070505288,0.30552291421856637,0.12220916568742655,0.042655699177438305,0.008578143360752057,0.0009400705052878966
1.18,72.5,1.36,90,0.7578809106830122,0.22,0.7107049036777583,1.0663791775758509,84.9,0.5070052539404554,0.29903677758318736,0.13649299474605955,0.04542469352014011,0.010617338003502627,0.0014229422066549913
1.04,72.2,0.98,45,0.646112600536193,0.18,0.6483467381590706,0.9965541006202618,72.2,0.5451295799821269,0.3007149240393208,0.12198391420911528,0.027926720285969615,0.0035746201966041107,0.0006702412868632708
1.14,74.2,1.08,72,0.7032714054927303,0.16,0.6232633279483037,1.128369621565578,78.3,0.5280290791599354,0.29850565428109854,0.12524232633279483,0.03933764135702746,0.00815831987075929,0.0007269789983844912
1.09,70.4,1.14,77,0.7281277803669025,0.14,0.6858873871965429,1.061585026870097,77.6,0.5192136592805999,0.2990297843494471,0.1278227343981697,0.04329958056179299,0.009617421514214295,0.0010168198957759608
1.11,73.8,1.03,61,0.6771292782165692,0.16,0.6136355865558861,1.1034713322560874,75.9,0.5400895818374534,0.2961329367114576,0.11881560501931822,0.036961055834786476,0.007522139022805758,0.00047868157417854825
0.99,70.8,0.93,31,0.6173398929742793,0.15,0.6579924046262731,0.9382173542336197,68.8,0.5673226307612635,0.28905575694804075,0.10879509753150354,0.029086828931469015,0.005264974969791127,0.0004747108579319869
1.12,72.4,1.14,75,0.7184709091588506,0.15,0.6475468031837375,1.1095273818454614,77.8,0.5145547625275587,0.3091065356302081,0.12824632861253316,0.040207765031202124,0.007174619782519338,0.0007099884159784761
1.1,70.9,1.22,77,0.7171092034338191,0.18,0.7068277101217808,1.014545968083604,79.1,0.5244060690756638,0.29641645038929926,0.12791974445997206,0.04122579357157117,0.008983829107606308,0.0010481133958874028
1.09,72.1,1.05,61,0.6759116388991973,0.17,0.6402664114533487,1.0556724932125316,76.6,0.5373542452001016,0.30035742885603234,0.11947498974589348,0.03523506318482783,0.006992324068829469,0.0005859489443153186
1.18,73.7,1.19,89,0.762453026305269,0.14,0.6379627408651155,1.1951372352425116,81.6,0.4984408731110578,0.30542895978252177,0.14176061405612858,0.04461501559126889,0.009114895658431278,0.0006396418005916686
1.12,72.4,1.17,70,0.6996768675156815,0.19,0.6597605018057403,1.0605012964563527,78.5,0.5277988975479947,0.3024139897357917,0.12264778559209276,0.03782550845846797,0.008078312107964265,0.0012355065576886524
1.24,74.8,1.28,90,0.7882163118721699,0.11,0.5939728308957477,1.327024185068349,79.9,0.4839431634830583,0.3149950554312184,0.1432883984801957,0.045385936605423415,0.011450580336230677,0.0009368656638734191
1.07,68.9,1.14,73,0.7079040063205715,0.15,0.6981597919478553,1.013956997359487,78.4,0.524837870757481,0.30249860091516606,0.12282318859663562,0.04016196464430326,0.009118741152845904,0.0005596339335681601
1.1,72.7,1.08,64,0.6820670680214661,0.15,0.6324334631834155,1.0784803583735354,76.8,0.5362445176932088,0.2971478384047509,0.12318504998774142,0.035767795363534825,0.007028249203192677,0.0006265493475714403
1.05,72.8,0.96,37,0.6363800708655724,0.13,0.6141441897461856,1.0362062875309077,70,0.5569817051124448,0.2955022055101598,0.1092631426711982,0.031383324896955674,0.006146503724058138,0.0007231180851833104
1.12,71.4,1.24,79,0.7173285430166164,0.19,0.6957721177904664,1.030982019363762,81,0.5178032976198114,0.30467697440174507,0.12914608327452365,0.03977673702444345,0.00795534740488869,0.0006415602745877975
0.99,69.7,0.93,30,0.6106788452864231,0.15,0.6524300857013983,0.9360065678606923,69.7,0.5686456923770862,0.2917512404149752,0.10611186287776274,0.027937528191249436,0.004877086152458277,0.0006765899864682003
1.12,71.4,1.15,66,0.7070591431232537,0.12,0.625,1.131294628997206,74.3,0.5223727103384043,0.30452499223843527,0.125931387767774,0.03902126668736417,0.007140639552933871,0.0010090034150884819
1.17,73.7,1.33,86,0.738487328665812,0.24,0.7048614535055714,1.04770565193061,83.4,0.5097130460506853,0.30499950695197714,0.134010452618085,0.04062715708510009,0.009663741248397594,0.0009860960457548566
1.14,71,1.26,87,0.751002004008016,0.15,0.7036931004866877,1.0672294548413344,81.3,0.5101631835098769,0.2983824792442027,0.1342685370741483,0.04612797022616662,0.009590609791010592,0.0014672201545949041
1.13,72.8,1.13,64,0.7212141652613828,0.1,0.6042495784148398,1.1935699933020762,71.7,0.5081956155143339,0.3179089376053963,0.1281618887015177,0.036762225969645866,0.008161888701517706,0.0008094435075885329
1.03,70.6,1.01,49,0.6532877403441897,0.16,0.661359941700768,0.987794541447703,72.6,0.5546275015415663,0.28695554683558494,0.1178317170244969,0.032793318011099276,0.006670777509950109,0.0011211390773025393
1.15,71.5,1.25,90,0.763973049705496,0.16,0.702826390948769,1.0870010852526226,82.2,0.5081994999788126,0.29391075893046315,0.13835332005593456,0.04631552184414594,0.011695410822492478,0.0015254883681511929
1.07,71.3,1.09,58,0.6638385123908509,0.17,0.6658535723123696,0.9969737191398991,76.6,0.5428288613143847,0.29755718174426415,0.11977233358079684,0.03323081274083501,0.00600982783610846,0.0006009827836108459
1.14,73.4,1.2,78,0.719429561928774,0.16,0.6672707217144658,1.078167434171685,79.2,0.5179640718562875,0.3021588402143082,0.13165773715726442,0.03971005357705641,0.007721399306649859,0.000787897888433659
1.11,73.6,1.05,66,0.6927414745665841,0.15,0.6307868165364832,1.0982180610087586,76.4,0.5321775576300247,0.29959992379500855,0.12089921889883787,0.038940750619165555,0.007391884168413031,0.0009906648885502
1.14,72.1,1.17,82,0.7370346128672083,0.14,0.6522927655642398,1.1299138236335733,79.8,0.5055634697570554,0.31105378662457167,0.13363877873175992,0.04100411966272668,0.008008316328494976,0.000731528895391368
1.11,71.4,1.18,74,0.7060357189414679,0.19,0.6883066093077825,1.0257575757575759,80,0.5230087341937166,0.3049146134793378,0.12475557293703558,0.03897796897405814,0.007039499413375049,0.0013036110024768608
1.09,72.4,1.05,53,0.6929147078576225,0.1,0.6047683008730692,1.1457523598001111,69.3,0.523113946720394,0.31156256995746584,0.12217371837922543,0.03604208641146183,0.006659950749944034,0.00044772778150884264
1.05,69.4,1.1,59,0.6718561561232321,0.15,0.6859116324964368,0.9795083277388831,75,0.5472645543251836,0.2882140116215327,0.11935094836092534,0.03664071921938384,0.0076307422431750906,0.0008990242297993641
1.14,73.6,1.16,75,0.7176801474153817,0.16,0.6463000678886626,1.1104441776710685,78.6,0.515759868102027,0.30879643099602366,0.12704878285326351,0.04005431093007468,0.007079817670449035,0.001260789448162157
1.05,70.6,1.04,53,0.6589963531768452,0.16,0.6620268118547434,0.9954224532547133,75.1,0.5429400585546253,0.30081154656119985,0.11734038728234629,0.032744362833222046,0.005547280291745852,0.0006163644768606502
1.05,70,1.07,67,0.6957053849577214,0.16,0.7000445037828216,0.993801652892562,76,0.5298731642189586,0.29889853137516686,0.12488874054294614,0.03894080996884735,0.006786826880284824,0.0006119270137961727
1.04,71.2,1.03,49,0.6537661633059046,0.18,0.6692286825210236,0.976895014187272,72.5,0.5560177231214396,0.28555927299032463,0.11501944117913011,0.036260059679898725,0.006329686228411248,0.000813816800795732
1.08,69.2,1.13,71,0.6983342966738479,0.14,0.680862802795439,1.02566081420027,77.8,0.5356786296043298,0.28958015868845566,0.1260049393095476,0.039225474226262415,0.0084861541695129,0.0010246440018916504
1.07,71.4,1.03,58,0.675524908964128,0.15,0.642364608352057,1.0516222409841998,75,0.5359882234446425,0.30301386844348027,0.11668087084527776,0.038351282249941894,0.005733323003021616,0.00023243201363601146
1.15,74,1.07,77,0.7116682251257297,0.16,0.6153049104096642,1.1566106707191852,80.7,0.5176274356187925,0.3072860067224342,0.1296974904597033,0.03742828982284111,0.007101518865778767,0.0008592585104500998
1.01,69,1.06,46,0.6463481005769022,0.15,0.6984325677587896,0.9254266344580379,73,0.554234244040492,0.2919614672907369,0.1147545444650049,0.03192010449548275,0.006530967671710025,0.000598672036573419
1.09,69.8,1.25,73,0.7017491972283252,0.19,0.7158610782491127,0.9802868441244171,79.5,0.5295757985465608,0.2974480310968396,0.12459861416258239,0.039547067770829815,0.007689707622105797,0.0011407808010816293
1.12,73,1.06,65,0.7221580869360349,0.09,0.5892095653198257,1.2256387700427847,71.6,0.5071033101660973,0.31735186712215807,0.13033337259983507,0.0374602426669808,0.006997290611379432,0.0007539168335492991
1.01,70.2,1,44,0.6439260931360254,0.18,0.6922498118886381,0.9301932367149759,71.9,0.5548031101078506,0.29194883370955604,0.11570938884708637,0.030432238107181674,0.006270378730875345,0.000836050497450046
1.07,72.9,1.03,56,0.6681749622926093,0.2,0.661701860231272,1.0097825054611074,74.9,0.5407239819004525,0.29945952740070386,0.1191553544494721,0.033056812468577175,0.006787330316742082,0.0008169934640522876
1.14,70.4,1.24,85,0.7429901862607651,0.15,0.6775986380933307,1.0965048400206903,81.5,0.5113158421790507,0.3022231123573002,0.13198477869016623,0.04240937312237132,0.010765071099539355,0.0013018225515722011
1.21,73.6,1.26,92,0.7703728813559322,0.18,0.6450169491525424,1.1943451755307968,84.6,0.49715254237288137,0.30454237288135594,0.1416271186440678,0.04535593220338983,0.010101694915254237,0.0012203389830508474
1.08,73.3,0.98,58,0.6789163217734646,0.14,0.6323914181057039,1.0735697897468688,73.9,0.5376290376290376,0.29748822605965464,0.12149755006897864,0.03567860710717854,0.007135721421435707,0.0005708577137148566
1.03,71.5,0.98,39,0.637301918265221,0.16,0.643348623853211,0.9906011991573489,71,0.5582777314428691,0.292743953294412,0.10957047539616346,0.03304837364470392,0.005525437864887406,0.0008340283569641367
1.13,71.8,1.14,71,0.7284922947677929,0.11,0.6270510094247985,1.161775172702533,74.4,0.5068651387466856,0.31514005933160066,0.12974193379013416,0.03987818644824237,0.007639599905489486,0.0007350817778477856
1.02,70.2,1.03,50,0.6612228233132592,0.16,0.6965397570684904,0.9492966002344666,71.9,0.5493518424007349,0.29039501888333163,0.1166683678677146,0.0374604470756354,0.0055118913953251,0.0006124323772583443
1.07,72.5,1.06,54,0.6603526536312849,0.19,0.6692562849162011,0.9866962305986696,75,0.5432087988826816,0.2995810055865922,0.11792946927374302,0.03247206703910614,0.006546787709497207,0.00026187150837988826
1.2,72,1.28,92,0.7705786269365936,0.15,0.6496064940850369,1.1862237122828405,84.7,0.49675790724149876,0.3079988120576152,0.13666287185071524,0.04650299460476167,0.010641983863782607,0.0014354303816264912
1.13,72,1.14,83,0.7435159838537558,0.15,0.6637591054609567,1.1201593736893611,79.4,0.5088386767503363,0.30237089964274116,0.1359903493713172,0.04277826752656243,0.009279450656521134,0.0007423560525216907
1.12,73.4,1.08,72,0.7336962685720767,0.12,0.6224339344448225,1.1787536443148687,73.9,0.5077690824543496,0.3120108880571623,0.13020301689917205,0.03992287626176704,0.008959963706476125,0.0011341726210729274
1.03,69,1.04,41,0.642928407712013,0.14,0.6536874747202372,0.9835409619668344,70.7,0.5537818525010112,0.2939193744101389,0.11425104489685857,0.032196305784009706,0.005339085883780504,0.0005123365242011595
1.13,73.8,1.19,70,0.7062221801306942,0.2,0.6656880386400227,1.0608905961018638,76.9,0.5235344256084856,0.30362723742778674,0.12520125011838243,0.038829434605549766,0.008334122549483852,0.0004735296903115825
1.1,73.9,1.09,59,0.6847579094563887,0.19,0.65294528928509,1.0487217239994646,75,0.5328613878692536,0.3055409893375284,0.11536444677503933,0.037493445201887785,0.007690963118335955,0.001048767697954903
1.13,73,1.2,77,0.716688874083944,0.2,0.6704974461470131,1.068891280947255,79.4,0.5214301576726627,0.30052187430601823,0.12858094603597603,0.04008438818565401,0.00816122584943371,0.0012214079502553853
1.13,73.8,1.05,59,0.7036717476751989,0.1,0.5732432173329498,1.227527385232879,71.2,0.5187901447608091,0.3121464864346659,0.12323842392867415,0.039066244847090405,0.005943821301888601,0.0008148787268718243
1.05,72.7,1,47,0.657015931372549,0.17,0.6446078431372549,1.0192490494296578,71.8,0.551547181372549,0.29151348039215685,0.11542585784313726,0.03278186274509804,0.007352941176470588,0.0013786764705882354
1.05,71.6,1.03,53,0.6613693153423288,0.17,0.6555722138930534,1.0088428114041774,73.6,0.5464267866066966,0.2938530734632684,0.11904047976011994,0.03378310844577711,0.0063968015992004,0.0004997501249375312
1.07,71.3,1.06,54,0.6863525695861025,0.12,0.6377574521287096,1.0761968633924885,70.6,0.5268803053234191,0.30887675199052445,0.12275449101796407,0.03451339080081595,0.006448641179180101,0.0005264196880963348
1.02,70.4,1.02,40,0.6446976149914821,0.13,0.6647501419647928,0.9698344901227977,70.3,0.5572118114707553,0.2921280522430437,0.10796422487223169,0.035029812606473594,0.006778818852924475,0.0008872799545712664
1.11,71.2,1.14,76,0.7141109490424882,0.16,0.6627770197148638,1.0774527900042596,79,0.5226085729073543,0.30122806192067003,0.12689973180256905,0.0393356232061356,0.008563496918082152,0.0013645132451889145
1.08,71.9,1.13,65,0.698121191604604,0.18,0.6909275558564658,1.0104115629593338,75.4,0.5248815165876777,0.3068720379146919,0.123645903859174,0.035375761679079215,0.008293838862559242,0.000930941096817874
1.04,73.6,0.88,35,0.6285883616698151,0.13,0.6015483201837242,1.0449507389162562,70.1,0.5590991591658332,0.29492165796199576,0.11060488202392858,0.029595881023817463,0.005222802533614846,0.00055561729081009
1.11,71.7,1.09,65,0.7045101707734565,0.12,0.6153815532821145,1.1448347241089334,73.8,0.5246606424903467,0.30185900242824726,0.12638828072130887,0.039170415190478085,0.00724493451693802,0.0006767246526810239
1.14,72.8,1.1,70,0.7221853305161485,0.13,0.5953516450347117,1.213039951328331,74.6,0.5014790220344099,0.32333232719589494,0.13377603380621794,0.034470268638696046,0.006821611832176275,0.00012073649260488983
1.11,72.1,1.15,75,0.7061967355192835,0.19,0.6692907698974433,1.0551419013704544,78.7,0.5280947566084068,0.29438104867831866,0.12920699118879098,0.04044489383215369,0.007294525494727719,0.0005777841976021956
1.05,71.9,1.02,51,0.6587957497048406,0.17,0.6607634789452971,0.9970220369267421,73.3,0.5477174340810704,0.29309327036599764,0.11816214088941361,0.03512396694214876,0.005509641873278237,0.0003935458480913026
1.01,70.1,1.03,49,0.6488528389339513,0.18,0.7061877172653535,0.9188107114728276,74.6,0.5505909617612978,0.2957589803012746,0.11476245654692932,0.032398609501738125,0.0060718424101969875,0.0004171494785631518
1.05,70.2,1.09,60,0.6808559701148366,0.15,0.6919706682654614,0.9839376166355639,75.2,0.5376101093022183,0.29815984872941936,0.11921782041230457,0.036710787252686436,0.007379052714107826,0.0009223815892634783
1.09,72.2,1.05,59,0.6759259259259259,0.14,0.6395994832041344,1.0567956098710567,74.9,0.5364556416881998,0.3003229974160207,0.12200689061154177,0.033936261843238585,0.00661068044788975,0.0006675279931093885
1.15,71.5,1.19,80,0.7510353866317169,0.12,0.6279423328964613,1.1960260477542162,77,0.4966710353866317,0.31580602883355174,0.13782437745740497,0.0400524246395806,0.008807339449541285,0.0008387942332896461
1.02,71,0.98,42,0.6464312067486987,0.15,0.6686875535967134,0.9667163733969579,70.6,0.5537163711784296,0.2934607023911613,0.11347546018387412,0.03216799952136889,0.006381748200147578,0.0007977185250184472
1.08,70.2,1.13,64,0.6790815177968433,0.16,0.6837839865929614,0.993122873760837,77.7,0.5400585307286325,0.2949548512969309,0.11983791490532529,0.037169513994847296,0.006953650666599965,0.0010255384076640235
1.12,72.8,1.07,71,0.7009507346585998,0.14,0.6335350043215212,1.106412005457026,78,0.5288101411696917,0.29775280898876405,0.12666172778532328,0.03807054368852122,0.00786105280487303,0.0008437255628266864
1.07,70.9,1.05,63,0.691073512252042,0.15,0.6682711007390121,1.0341214987268097,75.5,0.5304356281602489,0.3027032283158304,0.12145079735511474,0.03695060287825749,0.007681835861532478,0.0007779074290159471
1.15,73.2,1.13,77,0.7549966465459423,0.09,0.6078470824949698,1.2420831954099085,74.2,0.501945003353454,0.3064386317907445,0.13615023474178403,0.04641180415828303,0.008249496981891348,0.0008048289738430583
1.08,70.9,1.11,66,0.6896270794460067,0.15,0.6678930908517516,1.03254111906823,77,0.5338361672492181,0.2984678457859189,0.12167879950592626,0.037108091771569734,0.008068119103308718,0.0008409765840582377
1.07,69.1,1.17,80,0.7281330429617897,0.15,0.7346268065729559,0.9911604592249232,79.3,0.5214808948723025,0.29705008909126907,0.1253217184715898,0.045337556919421894,0.009621857058008314,0.001187883587408434
0.86,66.3,0.78,9,0.5430925221799746,0.12,0.6983523447401775,0.7776769509981851,63.3,0.6089987325728771,0.2750316856780735,0.08745247148288973,0.022179974651457542,0.005069708491761723,0.0012674271229404308
1.06,72.1,1.07,52,0.6529520980319347,0.22,0.6836242109171927,0.9551330798479087,75.4,0.5468993687337542,0.2989974006683995,0.11570738952840698,0.031711845525436315,0.0060155959896026736,0.000668399554400297
0.95,68.2,0.89,28,0.6081387591727818,0.13,0.6832555036691127,0.8900605350517478,69,0.5667778519012675,0.295263509006004,0.10580386924616411,0.027484989993328886,0.0045363575717144765,0.000133422281521014
1.03,70.3,1.01,49,0.6604172540174795,0.14,0.671497039751903,0.9834998740448401,72.3,0.5435579362841838,0.3004228925852833,0.11575979701155907,0.03318297152523259,0.006456160135325627,0.0006202424584155625
1.15,73.2,1.11,81,0.7394898441190364,0.12,0.6085262163438828,1.2152144381913448,78.3,0.5053613604156826,0.30968351440717995,0.13500236183278225,0.04090694378837978,0.00814832309872461,0.0008974964572508266
0.57,61.4,0.26,0,0.2982456140350877,0.12,0.7017543859649122,0.425,38.1,0.7426900584795322,0.21637426900584794,0.04093567251461988,0,0,0
1.02,72.7,0.99,34,0.6229225124109649,0.2,0.6741851931793654,0.923963502481191,70.5,0.5610835311892942,0.2962443341247572,0.10727390459745305,0.0302180012950572,0.004424778761061947,0.00075545003237643
1.29,74.6,1.36,97,0.8465210429318106,0.1,0.6030997915344875,1.4036168720569082,85,0.456720746850358,0.32019094232454154,0.15734614338801778,0.0528112631801565,0.011450496993866884,0.001480407263059307
1.08,72.4,1.03,58,0.6633627186772028,0.17,0.6302014342483899,1.0526201348119157,75.8,0.5472525464760426,0.2900470470013246,0.12223085004339286,0.03338966793038871,0.006714474946329877,0.00036541360252135386
1.05,72.5,0.97,48,0.6585525983536185,0.16,0.6474925508812687,1.0170813509086654,72,0.541588808646028,0.3018029392454927,0.11938790970153022,0.031261047421847384,0.005605777485985557,0.00035351749911620623
1.13,73.7,1.08,57,0.6975361696032087,0.12,0.5855178341211861,1.1913149847094802,71.3,0.5202693023922074,0.31320727689442773,0.12290502793296089,0.03645609511531299,0.0066609368285345935,0.0005013608365563673
1.14,72.7,1.13,72,0.7302335830762451,0.11,0.6078889378580873,1.201261509461321,74.4,0.5134420449537241,0.30524460114587926,0.12983693256941384,0.04151608638166593,0.009034817100044073,0.0009255178492728074
1.09,72.3,1.04,56,0.6989572249414769,0.11,0.6180889550968292,1.130835973006473,69.8,0.5224941476909981,0.3081506703553948,0.12487763353905086,0.03715684188125133,0.007022770802298362,0.00029793573100659715
1.07,70.7,1.06,67,0.6968395892351275,0.15,0.6723176345609065,1.0364737639080914,76.3,0.5285499291784702,0.3015226628895184,0.12283109065155808,0.03926168555240793,0.007303470254957507,0.0005311614730878187
0.92,68.8,0.8,15,0.5661234794583428,0.16,0.6704154234565067,0.8444368366997603,66.4,0.5863208629791141,0.29148496672022034,0.09506541198072067,0.02409915079182924,0.002937801239384898,0.00009180628873077806
1.05,68.2,1.12,61,0.6959638874137015,0.14,0.6872012745618693,1.0127511591962906,73.4,0.5339883165161976,0.29739776951672864,0.11789697291556028,0.041157727031332976,0.008497079129049389,0.0010621348911311736
1.11,72.7,1.07,69,0.7003181157435692,0.15,0.6363368234773632,1.100546267174309,77.6,0.5220679630058778,0.30844586765542376,0.12467609075778963,0.03737333305243643,0.006783660227105147,0.0006530853013672656
1.14,70.9,1.23,81,0.7310952865378094,0.19,0.6692946761614107,1.0923369221025965,79.8,0.5188199389623601,0.2969650729060698,0.1308070532383859,0.042726347914547304,0.009070871481858258,0.001610715496778569
1.26,76.3,1.21,86,0.7738636363636363,0.11,0.537528409090909,1.4396702077057237,78.4,0.48551136363636366,0.3206818181818182,0.13920454545454544,0.044744318181818184,0.00875,0.0011079545454545454
1.11,70.3,1.16,82,0.7371536948083025,0.14,0.692309055781059,1.0647754621332377,79.9,0.5116188382934221,0.30444724107981636,0.13090026055976037,0.04229221688498148,0.00967793395607707,0.001063509225942535
1.08,69.1,1.17,80,0.7274803349403705,0.16,0.721009895965491,1.0089741333802569,79.3,0.5177619893428064,0.29941639177873636,0.13017000761228115,0.043897487947221515,0.0077391524993656435,0.0010149708195889369
1.11,72.3,1.16,72,0.7082205196151852,0.18,0.6606371334754306,1.072026508545518,77,0.522668356472147,0.3012846362117633,0.129385333256524,0.038999942392994986,0.00714326862146437,0.000518463045106285
1.02,68.9,1.06,53,0.6616624225609061,0.15,0.6940823229827828,0.9532909867484394,74.2,0.5472235946942343,0.29409752574968645,0.1169852913230208,0.03397818402949337,0.006917258941127285,0.0007981452624377637
1.09,72.7,1.05,61,0.6804252998909488,0.15,0.645856052344602,1.0535246939636977,75.5,0.5371864776444929,0.2976553980370774,0.12115594329334788,0.03634133042529989,0.006870229007633588,0.0007906215921483097
1.09,73.2,1.01,58,0.6808677469942499,0.14,0.629595748388221,1.0814363799903135,74,0.5365481791252832,0.29952953476215366,0.11940233490155079,0.03624324795260498,0.007579717720857292,0.0006969855375500958
1.13,73.8,1.07,63,0.6996124031007752,0.14,0.5936046511627907,1.178583088475351,74.4,0.5180878552971576,0.3145994832041344,0.12532299741602068,0.033979328165374675,0.007622739018087855,0.0003875968992248062
1.14,72.3,1.14,65,0.7125320886814469,0.1,0.6017036172695449,1.1841911336927433,72.8,0.5187864644107352,0.30653442240373396,0.12739789964994166,0.03883313885647608,0.007537922987164527,0.0009101516919486581
0.99,69.4,0.94,35,0.6226219468087671,0.15,0.6765847659923324,0.9202423378474697,71.4,0.5606298073445374,0.29703662623875776,0.10790152629421551,0.028452246039592025,0.005473440551684228,0.0005063535312130784
1.03,69.6,1.02,48,0.6570947947023006,0.13,0.6595351481981662,0.996299888637425,72.9,0.5420664818631981,0.3042386334020423,0.11507569834387661,0.03231691425592911,0.005757338830051887,0.0005449333049020304
1.06,72.6,1.04,49,0.6616149068322982,0.16,0.6519875776397516,1.0147661236543775,72.4,0.5455900621118013,0.2968944099378882,0.11565217391304349,0.03459627329192547,0.006708074534161491,0.0005590062111801242
1.11,71,1.15,78,0.7223248234655079,0.14,0.6795219989136339,1.0629896083133492,79,0.514575411913815,0.30657251493753396,0.13043635705232665,0.039652362846279196,0.007894260365743255,0.0008690928843020098
1.13,72.2,1.16,78,0.7235972814920183,0.15,0.65313734787419,1.1078791985287,78.6,0.5168642326537063,0.30320847162952425,0.13048838311996205,0.03926031294452347,0.009261893472419788,0.0009167061798640746
1.08,72.5,1.12,60,0.6779252110977081,0.19,0.6659831121833535,1.0179315341423656,74.8,0.5361881785283474,0.29867310012062726,0.12472858866103739,0.032569360675512665,0.0071170084439083235,0.0007237635705669482
1.01,68.9,1,40,0.6351919583986465,0.14,0.6653479634744097,0.9546763397030776,71.9,0.5577616879400861,0.2941703366425319,0.10997486999577019,0.031947450921848176,0.00549874349978851,0.0006469109999751188
1.14,72.8,1.12,79,0.7315842162342537,0.14,0.6367731709351798,1.1488929647582864,78.1,0.510511387336281,0.3069575373321098,0.13381162926503712,0.03900058396596313,0.008592642028864603,0.0011262200717443898
1.11,71.1,1.17,77,0.7174723935443366,0.17,0.6867821398234664,1.044687029468703,80,0.515972965985892,0.30749344462089595,0.12903940613805073,0.03911068434464675,0.007349410939173468,0.0010340879713409904
1.08,70.9,1.11,64,0.6824659654874107,0.16,0.6646177662432272,1.026854833184901,77.4,0.5357191640486272,0.29945817966580157,0.1207485316213632,0.035286618403678915,0.008286663934799435,0.0005008423257296362
1,70.3,0.95,34,0.6171592323501317,0.15,0.657481112687064,0.9386721845557806,70.8,0.5664457116392161,0.28995281790025185,0.10961878021246418,0.028685558803948245,0.004573479607491244,0.0007236518366283614
1.14,72.4,1.17,78,0.7198469846984699,0.16,0.654065406540654,1.1005733944954128,79.7,0.5221272127212722,0.29792979297929795,0.12856285628562855,0.041854185418541856,0.0084008400840084,0.0011251125112511251
1.12,71.6,1.14,80,0.7233524024524769,0.16,0.6717375131474308,1.076837884284896,80.9,0.5121469433826736,0.3083810061311921,0.1321412996075011,0.03937815859008235,0.007208640106718658,0.0007439521818321746
1.05,69.8,1.1,56,0.6646330834931149,0.14,0.6816803207251176,0.9749923289352562,75,0.5476032769740282,0.2912323514031724,0.11926093777235489,0.03336238452152693,0.007913543663935855,0.0006275056649816977
1.09,71.7,1.06,53,0.6828385582237003,0.12,0.6151024600185846,1.1101216506321063,70.7,0.5284393798601262,0.3072822418936763,0.12441923020492003,0.033403433266493865,0.00577101775321563,0.0006846970215679561
1.1,72.2,1.06,67,0.6933986513048475,0.15,0.6546917052224137,1.0591224018475751,77.5,0.5260515891015755,0.3074178233390789,0.12256191599383108,0.03577368532462427,0.007438991200217727,0.0007559950406725332
1.15,73.4,1.13,66,0.7145403377110694,0.11,0.5884615384615385,1.2142515542802488,73,0.5172607879924953,0.3071763602251407,0.12940900562851781,0.036913696060037526,0.008395872420262664,0.0008442776735459662
1.09,71.7,1.15,64,0.6781286389478731,0.19,0.6745667511473389,1.0052802599512591,77.2,0.5404479758887595,0.2928282759093089,0.12357010754161243,0.035070895266799094,0.007466264812658401,0.0006164805808617029
1.11,71.7,1.14,76,0.712230004982269,0.17,0.6716684739603177,1.0603892137184745,79.8,0.5216142551507869,0.30215996014184815,0.12830808006799332,0.03947715483133554,0.007180328829752938,0.0012602209782831687
1.15,70.5,1.22,73,0.7372809370529327,0.09,0.6149856938483548,1.1988586798487932,73.9,0.5076672031473534,0.30887875536480686,0.13197424892703863,0.04231491416309013,0.008315450643776824,0.0008494277539341917
1.1,70.1,1.16,77,0.7043891116269255,0.17,0.689976788351973,1.0208881277142332,81.7,0.5346275585566576,0.2894281493986073,0.12456214391221777,0.0408947035239502,0.009284659210803967,0.0012027853977632412
1.04,70.8,1.03,51,0.6578832223248577,0.16,0.6741698672759978,0.9758419268767577,73.7,0.5467937187029024,0.2957363022023433,0.11779862900481307,0.03281637415528222,0.006174340026253099,0.0006806359084058534
0.92,68.2,0.85,19,0.5885438189389364,0.12,0.6890873835786262,0.854091705876926,65.7,0.5793572586541212,0.28793032200642105,0.10286404526526591,0.0248577513589116,0.004640961251152293,0.0003496614641279125
1.03,70.2,1.03,50,0.6586066429914351,0.15,0.680802172550658,0.9673979748389077,72.4,0.5520158763317318,0.2894819302277,0.114737831627324,0.036087319824524754,0.006998119908084396,0.0006789220806350533
1.09,71.7,1.1,69,0.7000137457044674,0.15,0.6655120274914089,1.0518423661599472,76.8,0.528659793814433,0.29929896907216497,0.12514089347079038,0.03818556701030928,0.007697594501718213,0.0010171821305841925
1.02,69.4,1.06,48,0.6402396382115716,0.18,0.69623292461187,0.9195767904376068,74.9,0.5565294419320248,0.29127232038789685,0.1149470837801296,0.03060748752855611,0.005967644179215814,0.0006760221921767915
1.12,72.6,1.11,75,0.718631371159589,0.17,0.6580452497848863,1.0920698407814784,78,0.5165257883281875,0.30632180999139547,0.12891633345143494,0.039125373285417826,0.008452700308751329,0.0006579946348129776
1.14,72.9,1.15,83,0.7345282790359695,0.18,0.6667070364539179,1.1017257039055404,80.6,0.5142909046869323,0.3001089984255783,0.1339469540995519,0.041056073634491944,0.009628194259416252,0.0009688748940293085
0.98,69.7,0.92,30,0.616284052647689,0.14,0.6661157024793388,0.9251906993842478,67.8,0.5707376798285889,0.28460361187633915,0.10902969084787266,0.02950719314355678,0.005509641873278237,0.0006121824303642485
1.15,72.3,1.14,73,0.7376322619285286,0.1,0.5971651028149331,1.2352233217437818,74,0.5040926332601318,0.3150329407067279,0.13048512677181073,0.04092633260131763,0.0084647634258335,0.0009982032341784787
1.09,72,1.08,61,0.6784872986566499,0.15,0.6494556567135672,1.0447014998529556,76,0.539059018272108,0.296746673457694,0.12013751830394091,0.035621060673585024,0.007576239893041319,0.0008594893996307379
1.21,74,1.22,83,0.7658962454582156,0.11,0.5910375454178441,1.2958504098360655,77.5,0.4936919660880097,0.31494751715785224,0.13539563988696005,0.04455995155429956,0.0105470327008478,0.0008578926120306823
1.14,74.2,1.08,73,0.7179025222833302,0.13,0.6186468803337758,1.1604398973062038,76.4,0.5238953157595296,0.29819362791579745,0.12597193248625072,0.041390100512042484,0.0091503887729945,0.0013986345533851697
1.08,70.4,1.11,58,0.6980846325167038,0.12,0.6457906458797328,1.080976686439509,71,0.5274832962138085,0.30396436525612475,0.12071269487750556,0.03937639198218263,0.0077505567928730515,0.0007126948775055679
1.12,72.8,1.19,72,0.7067124537210925,0.16,0.6636261200837045,1.0649256144890038,76.7,0.5353865965552396,0.28706336856790254,0.12539571819498846,0.040886408756774156,0.010141117132585717,0.001126790792509524
1.13,72,1.19,82,0.7371484523744765,0.16,0.6779089376053963,1.087385652383245,80,0.5158026437469401,0.3006038187455802,0.12707392699776968,0.04515041070554317,0.009900451504107056,0.0014687483000598378
1.04,71.3,1.01,47,0.6485987454471873,0.15,0.6548462161068394,0.9904596369254538,72.7,0.5586048158640227,0.2857395791177661,0.11222683124241198,0.035866046135167945,0.007006272764063132,0.000556454876568191
1.05,72,1.02,51,0.6589452932479054,0.16,0.6586988664366683,1.0003741114852227,73.4,0.5484475110892065,0.29433218334154754,0.11527846229669789,0.03430261212419911,0.00704780680137999,0.0005914243469689502
1.18,74.7,1.13,77,0.7488756870801178,0.11,0.5809782910443618,1.2889908256880733,75.5,0.49336516573205264,0.32358003442340794,0.1333629448670257,0.04086391649547499,0.008161678973960357,0.0006662595080783965
1.1,71.5,1.15,73,0.7077643171806167,0.16,0.6866740088105727,1.0307137129109865,77.9,0.5276982378854626,0.2959801762114537,0.12698237885462554,0.04052863436123348,0.007819383259911895,0.0009911894273127754
1.09,70.7,1.16,77,0.7195938322677699,0.16,0.6989845806694246,1.0294845582696652,77.7,0.5242572395637458,0.29206468597217,0.1339601353892441,0.04001504324934186,0.008950733358405415,0.000752162467092892
1.03,71.1,0.96,33,0.6305019071259914,0.14,0.6165465883635043,1.0226346540973144,69.1,0.5519464793848762,0.3035357510443785,0.11140037537083006,0.028758249076708844,0.0039050675062057274,0.000454077617000666
1.14,71.8,1.13,71,0.721633530923779,0.11,0.605282484393852,1.192226025913247,74.6,0.514766825788176,0.3067198237423281,0.1303572365315008,0.03931700152127157,0.007947332528982847,0.0008917798877406494
1.07,71.1,1.15,61,0.6744683887541031,0.2,0.6888111888111889,0.9791774577851445,76.7,0.5403168260311118,0.2962751534180106,0.12095047809333524,0.03439417725132011,0.007207078635650064,0.0008562865705722849
1.22,72.6,1.33,95,0.7810688989053445,0.16,0.6637556342562781,1.1767416479718669,87.5,0.49422488731487446,0.3032437218287186,0.14280827430779136,0.04764971023824855,0.011107533805537669,0.0009658725048293626
1.13,71.6,1.22,75,0.7048915165374533,0.19,0.677115288080763,1.0410214168039538,80.5,0.5230074181493669,0.3025266328294941,0.12990127726030454,0.036532991243237216,0.0071950471303474815,0.0008366333872497072
1.07,71.3,1.06,58,0.6681716671521507,0.17,0.6587047286144286,1.0143720518867925,75.6,0.545781143800369,0.29206719098941647,0.11908923196426838,0.035051946790950576,0.007282260413632392,0.0007282260413632391
1.11,71.4,1.21,79,0.7215997730818323,0.2,0.7072046518224365,1.0203549583876466,80.1,0.5181534534108637,0.3021557225925401,0.128988795915473,0.04205077294000851,0.007942135867252871,0.0007091192738618636
1.14,70.9,1.32,88,0.7404519624686137,0.22,0.7280296022201665,1.0170629878380832,84.9,0.5189639222941721,0.2908682436897053,0.1334742962865072,0.045328399629972246,0.010175763182238668,0.0011893749174045195
1.13,69.2,1.28,82,0.72699740409576,0.15,0.6927218536679165,1.0494795281054823,81.2,0.5219450052879531,0.2935294683203538,0.1313335256225363,0.04321699836554178,0.008725122584366888,0.0012498798192481493
1.16,73.7,1.12,82,0.7306061890631623,0.17,0.6310936837643069,1.157682619647355,82.1,0.5091935142009326,0.3109368376430691,0.12984845273420942,0.040854175498092414,0.008425180161085205,0.000741839762611276
1.01,71.3,0.98,44,0.6533661601154597,0.16,0.6859665506409712,0.9524752475247524,70.3,0.5508107649206214,0.29357330843025725,0.11461074794125138,0.03412853383139486,0.00619747007386026,0.000679174802614823
1.15,73,1.16,78,0.7381979055832447,0.12,0.6368370946967575,1.1591628561378826,77,0.5099400795206361,0.30626645013160103,0.13020104160833287,0.04390435123480988,0.00862406899255194,0.0010640085120680964
1.01,72,0.99,36,0.6312897880875556,0.19,0.6705328333478678,0.9414748341786968,69.3,0.5617859945931805,0.2897880875555943,0.11022935379785471,0.03226650388070114,0.0054068195691985696,0.0005232406034708293
1.12,71.7,1.23,80,0.7200524628388225,0.16,0.7157291363062276,1.0060404506583414,81,0.5187506072087826,0.30248712717380744,0.12843680170989993,0.04133877392402604,0.008258039444282522,0.000728650539201399
1.05,70.8,1.06,56,0.6725890492867516,0.17,0.675407875629965,0.9958264828632857,74,0.539677116255232,0.29862475442043224,0.11941573417613394,0.03450926795934057,0.007260613308277099,0.0005125138805842658
1.1,73,1.07,60,0.6710316368638239,0.17,0.638019257221458,1.0517419799931012,76.8,0.540687757909216,0.29804676753782666,0.1197799174690509,0.03356258596973865,0.0068775790921595595,0.001045392022008253
1.14,72.7,1.13,67,0.7203220403090722,0.1,0.6005025125628141,1.1995321005983715,73,0.5114551250878047,0.3119360242070568,0.1303020478737775,0.038309828713459775,0.007132436375425514,0.0008645377424758199
0.98,68.7,0.95,35,0.6231170548901462,0.15,0.6822690866338452,0.9133010231556273,69.9,0.5664633698287898,0.2856565508119627,0.11128664854140642,0.03181717980748034,0.004445587478874274,0.0003306635314865163
1.33,75.8,1.43,98,0.840269229761936,0.13,0.6018908938532855,1.396049081890175,87.2,0.468585496163214,0.30898567425293977,0.15370714715973077,0.053426917738260485,0.012885315454521646,0.002409449231333316