rating,kast,impact,firepower,kpr,apr,dpr,kd,adr,0kpr,1kpr,2kpr,3kpr,4kpr,5kpr
0.98,71,0.93,26,0.598783127596092,0.19,0.6703913882876031,0.8931843965442011,68.5,0.5766688117943017,0.2847949452992453,0.1070028666705669,0.026560580354531096,0.004563271514655122,0.00040952436669981865
1.11,71.5,1.11,63,0.7079852990310725,0.12,0.6218676912796525,1.1384822028206851,72.2,0.518543267624457,0.309221516872703,0.1259605746742399,0.03875709989976612,0.0070163715335783495,0.0005011693952555964
1.06,70.1,1.09,62,0.6999577335222894,0.11,0.6283284851197136,1.113999683444128,72.3,0.5277094055344224,0.29897317321797073,0.12781880112379104,0.03731881355510803,0.0075085154521269985,0.0006712911165808906
1.09,73.1,1.12,63,0.6849376558603492,0.17,0.6706733167082294,1.0212686844649363,75.7,0.5351122194513716,0.2966583541147132,0.12438902743142144,0.03680798004987531,0.006084788029925187,0.0009476309226932668
1.02,71.2,0.94,46,0.6543291913083926,0.15,0.6611070503023456,0.9897477133380239,71.9,0.5468137417768623,0.2986909429197953,0.11602099807296166,0.03129776064854808,0.006179812612133697,0.0009967439696989832
0.93,71.2,0.97,33,0.6114864864864865,0.17,0.6504914004914005,0.9400377714825306,71.3,0.5686169123669124,0.2904381654381654,0.10700757575757576,0.029125716625716627,0.004402129402129402,0.0004095004095004095
1.01,71.6,1.05,61,0.6805705332980649,0.15,0.6574765499420107,1.0351251818153684,75.3,0.5353327771786681,0.29944859299652066,0.12226585549474027,0.035912670152806886,0.006429690520275907,0.000610413656988219
1.08,72.4,1.06,61,0.6765777488614183,0.18,0.6649967469095641,1.0174151257215536,76,0.5413142485361093,0.29316851008458034,0.12186076772934287,0.035849056603773584,0.006896551724137931,0.0009108653220559532
1.13,71.5,1.17,67,0.7126322938479823,0.12,0.615739430641236,1.1573601728020588,73.9,0.518959760031694,0.30593129209349706,0.12819061633369178,0.03828739600430132,0.007697096609881713,0.0009338389269341785
1.08,71.6,1.06,57,0.6973158195316962,0.12,0.6085094231867504,1.1459408728296574,71.1,0.5215591090805254,0.3108223872073101,0.12435750999428898,0.035551113649343234,0.0074243289548829245,0.00028555111364934324
1.09,72.3,1.11,66,0.6882125980838427,0.19,0.6680972818311874,1.0301083641554734,77.3,0.5309749859106082,0.30090605627086314,0.12550396670568345,0.034768283695322325,0.007239779771968613,0.000606927645554255
0.99,68.8,1.05,64,0.6852074471364281,0.17,0.6923586708587633,0.989671215190437,76.4,0.5371894457801615,0.29588188151162076,0.12107761543677949,0.03762098514271623,0.007490290364342519,0.000739781764379508
1.02,70.3,1.05,47,0.6454028567466371,0.19,0.7068367771460269,0.9130861290955464,73.8,0.5585910414644294,0.28858688115379283,0.1101095548467619,0.03480793232561365,0.007349882124531965,0.000554708084870337
1.04,70.5,1.03,49,0.6569515755562267,0.15,0.6624383368569415,0.9917173252279635,72.7,0.5494815262257122,0.292962851102386,0.11753750125843149,0.032366857948253294,0.006443169233866908,0.0012080942313500453
1.18,75.3,1.1,66,0.725725020547141,0.1,0.5506633791241047,1.317910447761194,72.6,0.5036984853821769,0.32206175883527066,0.1276270987436891,0.038687331219913114,0.007279558529998826,0.0006457672889515088
1.06,73,1.1,77,0.7298701298701299,0.15,0.6651205936920223,1.097350069735007,77.7,0.5090644049827723,0.3109992048767559,0.12997614630267693,0.041690962099125366,0.007500662602703419,0.0007686191359660748
1.08,73,1.07,61,0.6848098822621116,0.19,0.6586566299942096,1.0397069597069597,75.5,0.5301100173711639,0.3059254970082996,0.12130862767805443,0.0352248600656244,0.006562439683458792,0.0008685581933989577
1.15,72.6,1.15,79,0.7197907771135781,0.15,0.636528608027327,1.1308066409525406,79.9,0.5205486763450042,0.2989432109308284,0.13071093082835183,0.040697053800170795,0.008166097352690008,0.0009340307429547396
1.08,71.8,1.14,67,0.6963930073025005,0.17,0.6916353175481301,1.0068788993760998,76.5,0.529431290108431,0.30172604558530647,0.12082319097145386,0.04027439699048462,0.006527992918787342,0.0012170834255366232
1.12,72.1,1.15,73,0.7320574162679426,0.13,0.6191387559808612,1.1823802163833075,74.8,0.5004784688995215,0.3186602870813397,0.13779904306220095,0.03636363636363636,0.004784688995215311,0.0019138755980861245
1.12,72.7,1.12,69,0.7040914611164621,0.13,0.6355375015704176,1.1078676858197154,76,0.5234725072239206,0.3032790317852506,0.12814606976841575,0.03660119770509653,0.007789270907491938,0.000711922609824532
1.1,71.8,1.15,70,0.69620767756548,0.19,0.6809919275219235,1.0223435101483882,78.2,0.5317962715604855,0.29664905046750684,0.12462976944073408,0.03821360125442825,0.007898251931006446,0.0008130553458388989
1.13,72.6,1.16,72,0.7003419245467345,0.17,0.6463523259489125,1.0835296732607247,79.1,0.5275407292474786,0.3000028733155188,0.12593741918800103,0.03841622848605005,0.007298221417693877,0.0008045283452575927
1.23,74.6,1.25,91,0.7678135799959341,0.16,0.6065257166090668,1.2659208982738395,85.6,0.4885393372636715,0.3208985566171986,0.13628278105305958,0.04380971742224029,0.009427729213254727,0.0010418784305753202
1.12,71.2,1.17,78,0.7144108628996934,0.19,0.671484888304862,1.0639269406392695,81.2,0.520124592397917,0.3034019564899985,0.1276098700540225,0.040395191512142894,0.007738355964374361,0.0007300335815447511
0.98,70.1,1.09,60,0.6700419270627324,0.16,0.6811565540700893,0.9836827129667267,76.4,0.5443596234475121,0.29275769322047307,0.11998655169685943,0.035143580412942015,0.007060359148801519,0.0006921920734119136
1.03,69.4,1.08,52,0.6519673243920137,0.16,0.6831215036397257,0.9543943806750043,74.6,0.5537298410692133,0.2882990426702245,0.11761814479320272,0.0337523114013529,0.0058282423987079555,0.0007724176672986448
1.07,72,1.06,60,0.6779163203103352,0.17,0.6634524799113328,1.0218008686936184,75.8,0.5370462732058742,0.2996397894153505,0.11970074812967581,0.03640897755610972,0.006372956497644777,0.0008312551953449709
1.09,71.9,1.14,60,0.6771062581118447,0.16,0.6625472603126235,1.0219742781705137,74.6,0.5483324868799729,0.2831104339484228,0.1218328536764291,0.03730037808250099,0.008690254500310366,0.0007335929123638621
1.11,73.4,1.02,63,0.7061058093208561,0.11,0.6099014793539023,1.157737492404294,72.9,0.5176503289168906,0.31081874054170916,0.12724296612001607,0.03706105809320856,0.006516569381389172,0.0007103369467864974
1.09,70.7,1.15,70,0.6991068915218671,0.15,0.6712900171456355,1.0414379383958523,77.4,0.5328454077846303,0.29449548327660774,0.12332062338459963,0.04017708626557822,0.008368093763594953,0.000793305524989124
1,71,0.95,33,0.6161374845869297,0.17,0.6645345252774353,0.9271715180331671,70.1,0.5696670776818742,0.2869143033292232,0.10835388409371147,0.028668310727496916,0.0054716399506781754,0.0009247842170160296
1.12,72.5,1.15,67,0.7183745237862655,0.14,0.6339747973038976,1.1331278890600924,73,0.5152876819380678,0.30780502100224677,0.12855328709582886,0.04063690534336231,0.007033310540197324,0.000683794080296962
1.05,71.2,1.02,51,0.6572843077265395,0.16,0.6656283028313956,0.9874644827009861,73.9,0.5488679979974411,0.29504366690771544,0.11420147966846526,0.03448851310007232,0.00661956944985259,0.0007787728764532459
1.06,72.6,1.05,55,0.6673745686222459,0.21,0.6602070613220069,1.0108564535585043,74.3,0.5428723121847624,0.2954605787098487,0.12052030793735068,0.03451022033448367,0.005840191133528006,0.0007963897000265463
1.11,69.9,1.18,81,0.7248662734878617,0.17,0.6933662506286289,1.0454305683766318,81.6,0.5184931193709139,0.3016961550770356,0.12718877154482697,0.04283820234992913,0.008640790015087094,0.0011429616422072876
1.03,70.7,1.09,54,0.6793461687031126,0.12,0.6240063431394474,1.0886847163848434,72,0.5312379287210035,0.3071746599711306,0.12033667432451664,0.034379002581983044,0.006180494846199199,0.0006912395551670157
1.19,75.5,1.21,88,0.763879128601546,0.21,0.6671820098383696,1.1449336423004002,82.6,0.4903724525650035,0.3208713984539705,0.13380182712579058,0.04539704848910752,0.008573436401967675,0.0009838369641602248
1.07,72.6,1.05,69,0.7095857315426704,0.13,0.6298822804898269,1.12653705862445,75.6,0.5202160164854687,0.3059286103413155,0.12667282503138397,0.039176674009332293,0.007271607570051399,0.0007342665624481868
1.06,70.7,1.11,64,0.6828936801136715,0.19,0.7011181812565639,0.974006520398273,77.3,0.5300549823932785,0.3061098412306172,0.12293816025205412,0.03354543769691728,0.006486686847470192,0.0008648915796626923
1.12,72.5,1.11,64,0.7107571398498351,0.11,0.6146703155334129,1.1563225389093954,72.3,0.5208289476761865,0.3052417374219353,0.1252543681145183,0.0403246555797254,0.0077187565784857205,0.0006315346291488317
1.1,72.4,1.13,66,0.6908096411612671,0.16,0.6578109034080664,1.0501644736842106,76.1,0.5377171365029753,0.29145879665805136,0.12273847448458255,0.0392498647592715,0.008054336719360462,0.0007813908757588507
1.03,71.6,1.13,65,0.6927140408553205,0.14,0.6618618112338082,1.0466143069412015,75.6,0.537638034224058,0.2919722386130546,0.121329624322122,0.03939419483548287,0.008429570934839417,0.0012363370704431143
1.12,72.1,1.17,81,0.7293413173652694,0.16,0.6862275449101797,1.0628272251308901,79.2,0.5205089820359281,0.2940119760479042,0.13203592814371257,0.043488023952095806,0.008982035928143712,0.0009730538922155689
0.94,70.2,0.97,37,0.6317216667070189,0.14,0.6620584461177155,0.9541780947156702,70.2,0.5598382684066533,0.29116529065685304,0.11241314190252524,0.03106311890177469,0.005084376437546909,0.00043580369464687796
1.04,70.2,1.09,51,0.6558742338464417,0.18,0.6864268001684368,0.9554904232840297,73.6,0.546904973564778,0.295653394469658,0.11893510503906798,0.03242408646423057,0.005333832405371263,0.0007486080568942123
1.07,72.9,1.02,44,0.6637790460660415,0.15,0.6218915613534448,1.067354965585054,69.1,0.5403587443946188,0.3030982470444354,0.11659192825112108,0.032511210762331835,0.007236037505095801,0.00020383204239706482
1.11,73.2,1.07,80,0.7428794159029547,0.13,0.6190630109898467,1.2000061426948,77.5,0.5021865612047002,0.3131535916644484,0.13423584439289654,0.04125945925390729,0.008346959729246681,0.0008175837548009279
1.06,68.7,1.13,67,0.7020148462354189,0.15,0.689289501590668,1.0184615384615385,75.9,0.5291622481442205,0.3008635055294652,0.12028480533252538,0.039539463717618545,0.008786547492804121,0.0013634297833661567
1.07,71.2,1.15,65,0.6865520728008089,0.18,0.7090856565072945,0.9682216337339581,76.5,0.5399874813423853,0.29226250662044395,0.11984207231932206,0.03803745967547788,0.008859357696566999,0.0010111223458038423
1.1,69.8,1.21,79,0.7149796069707082,0.18,0.7197256210604375,0.9934058008345783,81.7,0.5238783833889507,0.299962921764924,0.12458286985539488,0.04171301446051168,0.008602150537634409,0.001260659992584353
1.07,70.2,1.18,65,0.6840532664428788,0.17,0.7098380611605002,0.9636751026347243,76.9,0.5402264930465897,0.29255966653141025,0.12080858755394887,0.03674056586373529,0.008668707809214651,0.000995979195101258
1.12,72.3,1.17,77,0.7194380656490612,0.16,0.6733756585168175,1.0684052156469408,78.1,0.5203295961096852,0.29771714169931107,0.13341438155702642,0.04002881714620199,0.007744608041784862,0.0007654554459903643
1.15,72.1,1.22,87,0.7420967808587132,0.17,0.6815157651142609,1.0888915837982052,82.5,0.5144840695896524,0.2945163023265424,0.13707177982561264,0.0431009545849002,0.010000413240216537,0.0008264804330757469
0.98,70.4,0.98,30,0.6067386831275721,0.18,0.6859996570644719,0.8844591639067675,69.7,0.5724022633744856,0.28660836762688613,0.10858196159122085,0.026920438957475996,0.005229766803840878,0.000257201646090535
1.13,74.6,1.2,87,0.744969512195122,0.24,0.6766768292682926,1.1009236314485245,82.6,0.5092987804878049,0.30152439024390243,0.1339939024390244,0.0461890243902439,0.008079268292682927,0.0009146341463414635
1.14,73.4,1.11,81,0.736366054801809,0.15,0.6338919925512104,1.1616585529629009,78.7,0.5076882149507848,0.3080074487895717,0.1343974461292897,0.040755520085129025,0.008459696727853152,0.0006916733173716414
0.98,69.8,0.91,35,0.6307430516165626,0.17,0.683494044242768,0.9228215767634855,69.8,0.554736245036869,0.30005672149744755,0.10947249007373795,0.03176403857061826,0.003403289846851957,0.0005672149744753262
1.19,72.9,1.2,83,0.7641159551922495,0.09,0.5996442627914017,1.2742821079204796,77.1,0.4936042991220103,0.3119891008174387,0.14119739630638814,0.04405086285195277,0.008212231304874357,0.0009461095973357554
1.06,73,1.01,54,0.677683324064511,0.17,0.6572654325891794,1.0310649099480238,71.8,0.5405577182807658,0.2964169381107492,0.11805831413362994,0.03606896003813458,0.007547469611503933,0.0013505998252164933
1.02,70.9,0.97,40,0.636520494907836,0.15,0.6560895547512836,0.9701731879409878,71.1,0.5592963555256292,0.29025334567797323,0.11278511909771904,0.030637151754902787,0.006354683949162529,0.0006733439946132481
1.08,72,1.06,57,0.673413090191068,0.16,0.6476566583425286,1.0397686513629842,75,0.5347581160346129,0.30457634008943607,0.12041930425692549,0.03350949532493176,0.006214065857483013,0.0005226784366107207
1.15,71.6,1.26,87,0.7685919214798037,0.13,0.6188270016129586,1.242014196983141,79.5,0.49517828340025394,0.3086070215175538,0.14121967123099627,0.044356360890902224,0.009694910600912866,0.0009437523593808985
1.05,70.5,1.16,77,0.7178478075714412,0.15,0.6743516696525595,1.0645006750577066,78.9,0.5223648271608564,0.29865781667596697,0.12793327263649446,0.041880818819935973,0.008135334371053482,0.0010279303356926781
1.15,73.6,1.11,78,0.734731914524728,0.14,0.613497464349183,1.1976119824784512,78,0.5009752503142473,0.31905855836331326,0.13298079840492394,0.038966668111481945,0.007281869013046682,0.0007368557929868666
1.05,70.1,1.1,61,0.6814533292794163,0.15,0.6932198236546062,0.9830263157894736,74.9,0.543599878382487,0.2891456369717239,0.1193067801763454,0.0390392216479173,0.00796594709638188,0.0009425357251444208
1.3,74.9,1.45,99,0.8632348268191928,0.17,0.6716237686685732,1.2852952308856926,90.5,0.46266285351128056,0.3078487448363521,0.15144582141722276,0.06151890689545599,0.014680648236415635,0.0018430251032729584
1.04,73.1,0.98,35,0.6222985758390599,0.17,0.6368887560999901,0.9770914777169664,69.8,0.5689672343392093,0.2832387212429041,0.11134349168409521,0.030176277263220794,0.005527337914550344,0.0007469375560203167
1.06,68.8,1.16,73,0.7088716623600344,0.14,0.7174131495836922,0.9880940470235118,77.5,0.5239018087855297,0.29816250358886015,0.13149583692219352,0.03875968992248062,0.0069623887453344815,0.000717772035601493
1.16,73.1,1.2,83,0.7345900439238653,0.17,0.6379209370424598,1.1515377553362405,80.9,0.5064055636896047,0.3103587115666179,0.1349926793557833,0.03945827232796486,0.008052708638360176,0.0007320644216691069
1.07,71.5,1.12,74,0.7226944613101262,0.14,0.6490420292788235,1.1134786788971753,76.3,0.5157694123996492,0.30454361465290425,0.1310632125750523,0.03995479997301491,0.007943736085812588,0.0007252243135667544
1.1,70.8,1.13,76,0.708652855671283,0.16,0.6711685933386746,1.0558492496589358,79.9,0.5291289916447293,0.2948952729769944,0.12492846514822022,0.041432986150852696,0.008469726450726795,0.0011445576284765937
1.06,74.4,0.99,50,0.658905352283036,0.21,0.6505392601552263,1.012860241710567,74.2,0.5403689144239492,0.3063199274266707,0.11440378994053019,0.03225481302288076,0.006249370023183147,0.00040318516278600947
1.06,71.7,1.17,82,0.7273220015610095,0.16,0.6652285144393374,1.0933415898054297,81.3,0.5174529529095482,0.2991284363888648,0.13231723180990373,0.041908767669759775,0.008151938253403868,0.0010406729685196426
1.08,71.5,1.24,88,0.7508807985907222,0.16,0.6816096594245449,1.1016287521873738,83.1,0.5042021432765708,0.3065362595419847,0.13573473282442747,0.04271873165002936,0.009541984732824428,0.0012661479741632414
1.03,71.3,1.05,45,0.649548264384213,0.16,0.6691631003328579,0.9706875111032155,70.8,0.5580123632905373,0.28506894912030434,0.11554921540656206,0.03340466000951022,0.006657156443176415,0.001307655729909653
0.98,72.4,0.9,30,0.6201127157449806,0.17,0.6606199365973935,0.9386830178619034,66.8,0.5672772102853118,0.2862803804156393,0.11209933075026418,0.028178936245156744,0.005723846424797464,0.0004402958788305741
1.12,72.8,1.19,73,0.7036362765294879,0.18,0.6838020409140996,1.0290058151755062,79.3,0.5281943180184928,0.2991903415896134,0.12341302160686053,0.040003832702534374,0.00838403679394433,0.0008144492885545921
1.03,70.7,0.99,48,0.6596755310252551,0.14,0.6547917711991972,1.0074584929757344,71.1,0.550627195183141,0.2886770362936946,0.11861515303562468,0.035122930255895635,0.006389028265596254,0.0005686569660478341
1.11,74.9,0.98,59,0.6804166551236945,0.15,0.5916835194060448,1.1499672253956363,74.6,0.532177189240103,0.30465135606837135,0.1216167548549741,0.034462697731113386,0.00631631437515583,0.000775687730282295
1.06,70.4,1.05,60,0.6758992113868052,0.15,0.6713470539206258,1.0067806322223283,75.4,0.5445919087003911,0.28989549272295956,0.1199589664679105,0.037026351221388726,0.007629672372892223,0.0008976085144579086
1.04,71.5,1.05,51,0.6785707690887268,0.11,0.6084202751361831,1.1152994021062854,70,0.5355184193518604,0.3005631982273105,0.12168774813036654,0.0351029452497461,0.0063890684147354816,0.0007386206259809805
1.1,71.7,1.11,66,0.700848711360274,0.13,0.6517168885774351,1.0753882915173238,75.1,0.5273689947831504,0.30063069376313944,0.12536011835240987,0.037997352643463364,0.007708479327259986,0.000934361130576968
1.12,72.6,1.1,76,0.7251354872821346,0.14,0.6496025076949223,1.1162756896601842,77.4,0.5116604037237759,0.3091942519402534,0.13121966878788452,0.03910720018127915,0.007912079611760485,0.0009063957550465471
1.02,72.4,0.96,32,0.6158211271704336,0.19,0.6566592297992045,0.9378092916758992,70,0.565525269182268,0.29192938209331654,0.10883693859734213,0.028955281792608402,0.004413619167717529,0.0003395091667475022
1.07,70.5,1.28,89,0.7530346783879789,0.17,0.6987299072346733,1.0777192597469094,83.8,0.5054815874881807,0.30362116991643456,0.13508471544299916,0.044926017735299376,0.009966522705783139,0.0009199867113030589
1.13,72.3,1.1,78,0.7204716628971696,0.15,0.6448694582903318,1.1172364478343775,80.2,0.5130541709668212,0.3097209108276059,0.13019037790123186,0.03855866142596781,0.007685382402670121,0.0007904964757032125
1.05,70.3,1.13,63,0.6806598091001761,0.17,0.7009544991196367,0.9710470650449498,75.2,0.5406357149476415,0.28950050968399593,0.12751366879807247,0.03419516263552961,0.007228245760355852,0.0009266981744045964
1.12,73.1,1.18,70,0.701180744777475,0.16,0.6628606029150989,1.0578102570794727,77.5,0.531594654210458,0.2965269668266943,0.12179404005017085,0.04048267808485792,0.008390640543229098,0.0012110202845897668
1.06,73.9,1.04,52,0.6819557977596125,0.14,0.5812897366030881,1.1731770833333333,69.9,0.5295186194368756,0.30563124432334243,0.12488646684831971,0.03390856796851347,0.005449591280653951,0.0006055101422948834
1.11,73,1.09,73,0.7060753181997114,0.15,0.6544744784149061,1.0788431657561024,78.4,0.5269977693216114,0.2991733368324367,0.12478677338931898,0.03969295368061934,0.008496260333289594,0.0008529064427240519
1.09,70,1.1,63,0.7139328322909549,0.1,0.6292111210385242,1.1346475108586702,71.3,0.514216639512272,0.31166237452041834,0.12928995637777896,0.036316812950018394,0.007830977032637831,0.0006832396068744416
1.11,71.5,1.1,70,0.7331647170407841,0.12,0.6253556749920961,1.172396359959555,73.3,0.5023711666139741,0.31900094846664556,0.12867530825165982,0.04299715460006323,0.006955422067657287,0
1.12,73.5,1.18,87,0.7480526457158205,0.15,0.6349494135553765,1.1781295166919308,82.5,0.5077222669889874,0.3045483033396007,0.13186050675978153,0.044766765153550006,0.010027755394395202,0.0010744023636852001
0.96,70.1,1.02,45,0.6440886699507389,0.16,0.6592061112300992,0.9770672009530514,72.7,0.5543656743057043,0.2928535732133933,0.11381809095452274,0.03305490112086814,0.0054615549368173056,0.0004462054686942243
1.21,73.9,1.23,85,0.7721298495645289,0.14,0.6033254156769596,1.2797900262467192,78.3,0.4806017418844022,0.32660332541567694,0.14180522565320666,0.042596991290577986,0.007838479809976246,0.0005542359461599367
1.01,69.8,1.06,43,0.6428362999708199,0.17,0.7059235482929677,0.9106316137566137,71.4,0.5548292967610154,0.29279252990954185,0.1140355996498395,0.032039684855558796,0.005660927925299096,0.0006419608987452582
1.1,71.9,1.12,76,0.716311856760186,0.15,0.6832087974058931,1.0484523318200578,78.1,0.5292259974622867,0.2916960383476667,0.12522204990836036,0.04246440152262794,0.010179049767376287,0.00121246299168194
1.12,71.4,1.12,70,0.7290469728902619,0.1,0.6176631925397696,1.1803309339067027,73.4,0.5059040910009528,0.31434593065219274,0.1326616046424344,0.039495337356006584,0.007073360856887144,0.0005196754915264024
1.1,70.7,1.13,65,0.7106961806102208,0.1,0.637897918700211,1.1141221185645886,72.9,0.5232847381844516,0.30114298309140713,0.12790075254258634,0.03825687206776032,0.008092194338612677,0.0013224597751818382
1.14,74.4,1.08,69,0.7201408373218903,0.14,0.5981185014028718,1.2040103016924208,74.8,0.5103152335368872,0.3159487264124993,0.12603840017604664,0.03939043846619354,0.007592011883149035,0.0007151895252241844
1.13,72.5,1.12,76,0.7179798681013537,0.15,0.634444058775888,1.1316677304641196,79,0.515156774268194,0.309788267962513,0.12674997107485828,0.039685294457942846,0.007462686567164179,0.0011570056693277796
1.1,74.2,1.09,64,0.7009035589157293,0.13,0.565945970864835,1.23846373151957,74.5,0.519454176654988,0.3114973262032086,0.12608334869998156,0.03515120781855062,0.007283791259450488,0.0005301493638207634
1.11,72.4,1.12,69,0.7025215889464594,0.16,0.6604835924006909,1.0636472987814445,76.5,0.5266666666666666,0.3001727115716753,0.12659758203799654,0.037927461139896375,0.007806563039723662,0.0008290155440414508
0.98,70,1.01,45,0.6483660130718955,0.19,0.6978524743230625,0.9290875033449291,72.6,0.5478991596638656,0.29971988795518206,0.11746031746031746,0.026704014939309056,0.007469654528478058,0.0007469654528478057
0.85,67.2,0.87,16,0.5666820185538523,0.14,0.6867886045134548,0.8251185515160224,66.2,0.5966510954668071,0.27505099019672347,0.09826304362129087,0.025396407658398578,0.004276597144548983,0.0003618659122310678
1.08,72.8,1.08,59,0.6822458897735498,0.18,0.6585668493433978,1.035955409012404,74,0.538724020266777,0.29541929479888324,0.1203598386929997,0.03660428083962362,0.008168751938786061,0.0007238134629304105
1.1,72.3,1.18,87,0.7503479368813094,0.15,0.6600411643634225,1.1368199097172724,82.1,0.5056355973733215,0.30369499166911695,0.13601881799470744,0.04482995197490934,0.008977751641674017,0.0008428893462707047
1.09,70.8,1.1,60,0.710276101663924,0.1,0.6336624611446334,1.1209060741595729,70.1,0.5202505028341562,0.3051289083927592,0.12771987566282683,0.03826110806363138,0.008273907478515268,0.00036569756811117204
1.07,73.1,0.96,51,0.6841301359401253,0.12,0.5938597831067665,1.1520061728395061,68.5,0.5295555216129525,0.3034977852451505,0.1252482052848633,0.03665801130288682,0.005040476554146938,0
1.12,73.7,1.08,55,0.6990344325013663,0.1,0.5741482965931863,1.2175154688243695,68.8,0.5196757150664967,0.31116779012570595,0.1278010566587721,0.03397704499908909,0.00655857168883221,0.0008198214611040263
1.12,70.4,1.18,82,0.7291050792797635,0.15,0.6885245901639344,1.0589383294301327,81.2,0.5136313416345666,0.30475678581026605,0.13168503090567052,0.039983278091313565,0.008689420406700708,0.0012541431514825764
1.18,72.2,1.24,89,0.7489320042719829,0.19,0.6536727186424588,1.1457293274031044,85,0.5080099679601282,0.3003441319568055,0.1378011154622048,0.04349115936869586,0.009255962976148096,0.0010976622760175627
1.17,72.7,1.25,85,0.7392756680731364,0.18,0.6670182841068917,1.1083289404322614,82.1,0.5121308016877637,0.30215658696671355,0.13162212845757149,0.04348335677449602,0.009610876699484294,0.0009962494139709329
1,73.7,0.81,15,0.5802199916621236,0.13,0.5859282301253889,0.9902577855618193,63.5,0.5843247923548087,0.2862136420485521,0.09912452297726325,0.025975691883398006,0.003976525671038707,0.0003848250649392297
1.04,70.7,1.03,53,0.6722298795469527,0.13,0.6612033319350392,1.0166764852494676,71.8,0.5400011985377839,0.2969976628513214,0.12108227961886499,0.035266974291364536,0.005992688919518188,0.0006591957811470006
1.07,72.2,1.05,62,0.6848037851377679,0.19,0.6688700250487059,1.0238219078331425,75.1,0.5383384358474812,0.2939743946562761,0.12211244085722238,0.03680768160311717,0.007653771221820206,0.001113275814082939
1.18,73.5,1.27,80,0.7415102450207767,0.16,0.6311076085399054,1.174934725848564,77.6,0.5053732626450781,0.30928499785069496,0.13447485313082103,0.04105172660839662,0.008955437741796819,0.0008597220232124946
1.18,74.4,1.12,63,0.7107996947082768,0.1,0.5413203867028494,1.3130850272196766,72.2,0.5118088534599728,0.3160405359565807,0.12896455223880596,0.036422998643147894,0.0062542401628222525,0.0005088195386702849
1.19,73.9,1.2,87,0.7552193645990923,0.15,0.6306101865859809,1.1976009596161536,81.2,0.5060514372163388,0.3009581442259203,0.1367624810892587,0.0453857791225416,0.009631870902672719,0.001210287443267776
1.13,74.7,1.08,72,0.7193399732421585,0.16,0.6428571428571429,1.1189732917100244,76.2,0.5202170358257767,0.3042217927753828,0.12397799910807195,0.04021108963876914,0.010331499925672663,0.001040582726326743
1.12,72.6,1.19,75,0.7167687468962093,0.2,0.6972355570269823,1.0280151946818614,79.4,0.5166363184903162,0.31071014732660157,0.12398609501738123,0.038238702201622246,0.008773381890415493,0.0016553550736633008
1.08,70.6,1.1,69,0.6950838932334692,0.16,0.6722105958806036,1.034026981266044,76.9,0.5351543855784411,0.29147850350625987,0.12604178140030106,0.03858721591952124,0.007930388809340235,0.0008077247861365055
1.12,74.3,1.04,58,0.7028531663187195,0.12,0.5940617026212016,1.1831315892229597,70.7,0.5180932498260264,0.3123405242403155,0.1268847135235444,0.03444676409185804,0.007770818835536999,0.00046392948271862676
1.14,75.3,1.04,74,0.7136584600909519,0.16,0.6058752809576081,1.1778966439478906,77.5,0.5220845747739271,0.29993204746223406,0.12989388949871936,0.03909884480685798,0.008311118080602165,0.0006795253776592965
1.03,70.3,1.21,82,0.7288342177801946,0.16,0.7043072249620281,1.0348242811501598,81.2,0.5159294192653153,0.3012807290592361,0.13144818016463838,0.04194715820660429,0.008494440173264077,0.000900073130941889
1.05,72.5,1.03,66,0.6920011240834888,0.13,0.6270853026083847,1.103519921779516,76.1,0.5360600873719439,0.294203305827351,0.12165649030477992,0.03875533300973354,0.008558362925682753,0.0007664205605089033
1.12,71.5,1.15,78,0.723698422985526,0.15,0.6659753726506805,1.0866744517970677,78.6,0.5169151004536617,0.30179304385396416,0.13100021602938,0.04199611147116008,0.0075610282998487795,0.00073449989198531
1.08,71.9,1.06,65,0.6983159117305459,0.17,0.6762485481997678,1.0326320309145556,75.8,0.5239063104916764,0.30903987611304684,0.12040263259775455,0.03861788617886179,0.007549361207897794,0.00048393341076267905
1,70.4,0.99,36,0.6241003547896604,0.15,0.6763051191079574,0.9228088582455878,70.9,0.5675367460719716,0.2855296502787633,0.10871768879878357,0.032159148504815,0.0056259503294475415,0.0004308160162189559
1.16,73.5,1.14,72,0.732964008979651,0.11,0.5821565645593454,1.2590496330389351,74.2,0.5028966615975089,0.31609819682815554,0.13407922369469186,0.03964805561590267,0.006626113404301542,0.000651748859439496
1.03,69.1,1.05,56,0.6728098048116206,0.12,0.6957784838856105,0.9669885177453027,74.1,0.5451202905129369,0.2930095324557422,0.11597821152973219,0.03649568769859283,0.008624602814344077,0.0007716749886518384
0.99,68.6,0.92,38,0.6327543424317618,0.12,0.6639095671353736,0.9530730897009967,70,0.5659636062861869,0.28267162944582297,0.1105596912048525,0.03487730907085746,0.005307416597739178,0.0006203473945409429
1.09,71,1.16,78,0.7245896109736901,0.16,0.7065999550258601,1.0254594637600445,78.7,0.5134922419608725,0.30711715763436026,0.13064987632111535,0.039689678434899935,0.008151562851360468,0.0008994827973914999
0.89,66.9,0.91,27,0.607504555910734,0.14,0.6942909210408389,0.875,67.4,0.5767782989274938,0.28068891345263347,0.10760911779643295,0.029142891285513697,0.0053475935828877,0.00043318495503838917
1.08,71.2,1.11,64,0.6939531829056621,0.15,0.6680114462635455,1.0388342696629214,75,0.5315006802082844,0.29830651592625607,0.12403246235398978,0.03776328751700521,0.00769339025191162,0.0007036637425528921
1.15,73.9,1.15,78,0.7430240300223957,0.11,0.5867078264027601,1.2664293820282677,75.9,0.5073845408873555,0.30473336965074754,0.13540342594273955,0.04345983899279705,0.008020095635857394,0.0009987288905029962
1.11,69.9,1.21,84,0.7329244673983215,0.16,0.6998708844415752,1.0472281154875012,82.2,0.5141058747579084,0.30183989670755323,0.13143963847643642,0.04315687540348612,0.00855390574564235,0.0009038089089735313
1.13,72,1.26,80,0.7269784172661871,0.2,0.704046762589928,1.0325712096053137,79.8,0.5194244604316547,0.29847122302158274,0.1303956834532374,0.04055755395683453,0.009712230215827337,0.0014388489208633094
1.11,72.1,1.1,62,0.7108753315649867,0.12,0.6122747644745267,1.1610397370779804,70.7,0.5187048385621513,0.3055885850178359,0.1302478734107747,0.03777554193725419,0.006951431446080673,0.0007317296259032287
1.08,69.8,1.17,73,0.7063304244934181,0.19,0.7049253069072623,1.0019932857742342,79,0.5229256027214909,0.3045407484099985,0.12453779026771188,0.04000887442685993,0.007247448602277769,0.0007395355716609969
1.06,71.4,1.09,60,0.6713759824893045,0.18,0.6886213643750208,0.9749566557503371,76.8,0.5398136172188506,0.2986104201903625,0.12028653865287037,0.033628494677146556,0.006997645342088681,0.0006632839186813916
1.06,72.1,1.05,60,0.6749901604932873,0.17,0.6805002842524162,0.9919028340080972,75.4,0.5387676564481567,0.29697817816066824,0.12214107666069007,0.03550968644771942,0.005816241745747147,0.0007871605370184108
1.07,71.5,1.05,70,0.7127294433666617,0.16,0.672138486793016,1.0603907637655416,74.7,0.517982390687957,0.3039844799283689,0.13415908073421878,0.0358155499179227,0.007312341441575884,0.0007461572899567229
1.12,73.4,1.05,64,0.6951304030640161,0.13,0.605945650191501,1.1471827594509993,75.6,0.5251504650738646,0.30775123107787705,0.12318074047054532,0.03530913733357651,0.007951851176363305,0.0006565748677731169
1.03,71.5,0.99,60,0.6837657834900259,0.15,0.6343068165325507,1.0779732546905985,74.4,0.5334537420780184,0.3015594007514796,0.12122042863362952,0.03652577768460435,0.006627856348067279,0.0006127945042008676
1.02,68.2,1.06,44,0.6580475984996846,0.11,0.6673415872805125,0.9860731161402636,69,0.5484117237029906,0.29355727420586186,0.11740299399210011,0.033524745245128953,0.006406213695356325,0.0006970491585620871
1.19,75.2,1.12,81,0.7321403915720873,0.15,0.5851765940408141,1.2511443537350762,80,0.5110043354596415,0.30676828763151354,0.1312788225222986,0.04208433435506586,0.007759644326623036,0.0011045757048573717
1.11,72.4,1.15,69,0.7049900617219375,0.19,0.6472434355058061,1.0892193308550187,75.7,0.525891829689298,0.29825295533005547,0.13003452243958574,0.03755622973114343,0.007322941730306517,0.000941521079610838
1.13,71.7,1.15,78,0.7535305089261923,0.12,0.6377564614974687,1.1815333194067266,74.9,0.49760191846522783,0.31348254729549696,0.13629096722621903,0.04396482813749001,0.0077271516120436985,0.0009325872635225154
1.18,71.3,1.31,91,0.7575703913582433,0.19,0.6863821498140605,1.1037151702786379,85.2,0.5078802904196918,0.29614544595950654,0.13883477952895343,0.046278259842984476,0.009385514432442005,0.0014757098164216989
1.27,75.2,1.43,99,0.8527469228459922,0.23,0.7053437406184329,1.2089806341774845,91.5,0.46097268087661364,0.3105673971780246,0.15866106274392075,0.055839087361152805,0.012458721104773342,0.0015010507355148605
1.06,72.1,1.01,57,0.6761748757342974,0.15,0.6610935381834614,1.0228127136021874,74,0.5362065070040669,0.2997627654767284,0.12392679620424762,0.032760957975598734,0.006439222774514234,0.0009037505648441031
1.02,71.3,0.98,43,0.6389058844700378,0.16,0.6689940615439985,0.9550247471486981,72.6,0.5573510887169336,0.2919920820586647,0.11243476696059025,0.03141983084398056,0.006226381140903365,0.0005758502789274788
1.14,72.7,1.22,79,0.7169212690951822,0.23,0.6903642773207991,1.038468085106383,82.7,0.5200940070505288,0.30552291421856637,0.12220916568742655,0.042655699177438305,0.008578143360752057,0.0009400705052878966
1.18,72.5,1.36,90,0.7578809106830122,0.22,0.7107049036777583,1.0663791775758509,84.9,0.5070052539404554,0.29903677758318736,0.13649299474605955,0.04542469352014011,0.010617338003502627,0.0014229422066549913
1.04,72.2,0.98,45,0.646112600536193,0.18,0.6483467381590706,0.9965541006202618,72.2,0.5451295799821269,0.3007149240393208,0.12198391420911528,0.027926720285969615,0.0035746201966041107,0.0006702412868632708
1.14,74.2,1.08,72,0.7032714054927303,0.16,0.6232633279483037,1.128369621565578,78.3,0.5280290791599354,0.29850565428109854,0.12524232633279483,0.03933764135702746,0.00815831987075929,0.0007269789983844912
1.09,70.4,1.14,77,0.7281277803669025,0.14,0.6858873871965429,1.061585026870097,77.6,0.5192136592805999,0.2990297843494471,0.1278227343981697,0.04329958056179299,0.009617421514214295,0.0010168198957759608
1.06,73.8,1.06,66,0.6896377221444944,0.16,0.6163188759563004,1.1189625193199382,77.1,0.5340993659393326,0.29791920935909266,0.12142410621260381,0.0381031762569583,0.007709939570743905,0.0007442026612687167
0.99,70.8,0.93,31,0.6173398929742793,0.15,0.6579924046262731,0.9382173542336197,68.8,0.5673226307612635,0.28905575694804075,0.10879509753150354,0.029086828931469015,0.005264974969791127,0.0004747108579319869
1.12,72.4,1.14,75,0.7184709091588506,0.15,0.6475468031837375,1.1095273818454614,77.8,0.5145547625275587,0.3091065356302081,0.12824632861253316,0.040207765031202124,0.007174619782519338,0.0007099884159784761
1.1,70.9,1.22,77,0.7171092034338191,0.18,0.7068277101217808,1.014545968083604,79.1,0.5244060690756638,0.29641645038929926,0.12791974445997206,0.04122579357157117,0.008983829107606308,0.0010481133958874028
1.09,72.1,1.05,61,0.6755866373829615,0.16,0.6407544407197626,1.0543612255329384,76.5,0.5376835047971332,0.30004238431009905,0.11948522328825184,0.03517897738219088,0.007012676761838708,0.0005972334604862637
1.18,73.7,1.19,89,0.762453026305269,0.14,0.6379627408651155,1.1951372352425116,81.6,0.4984408731110578,0.30542895978252177,0.14176061405612858,0.04461501559126889,0.009114895658431278,0.0006396418005916686
1.12,72.4,1.17,70,0.6996768675156815,0.19,0.6597605018057403,1.0605012964563527,78.5,0.5277988975479947,0.3024139897357917,0.12264778559209276,0.03782550845846797,0.008078312107964265,0.0012355065576886524
1.24,74.8,1.28,90,0.7882163118721699,0.11,0.5939728308957477,1.327024185068349,79.9,0.4839431634830583,0.3149950554312184,0.1432883984801957,0.045385936605423415,0.011450580336230677,0.0009368656638734191
1.07,68.9,1.14,72,0.707370413892153,0.15,0.6984919702311007,1.0127108743399225,78.4,0.5249706227967098,0.30255255255255253,0.12282935109022065,0.03998563781172477,0.009106933019976499,0.0005549027288157723
1.06,72.7,1.09,72,0.7012758201701094,0.15,0.6330498177399757,1.1077735124760077,78.2,0.5273187525313893,0.29931146213041715,0.12723774807614419,0.03780882948562171,0.007573916565411097,0.0007492912110166059
1.05,72.8,0.96,37,0.6363800708655724,0.13,0.6141441897461856,1.0362062875309077,70,0.5569817051124448,0.2955022055101598,0.1092631426711982,0.031383324896955674,0.006146503724058138,0.0007231180851833104
1.12,71.4,1.24,79,0.7172701057353412,0.19,0.6956744633130407,1.0310427413411938,81,0.5178468439602691,0.30464594681191925,0.12912528035885934,0.039794937520025636,0.007946171099006728,0.0006408202499198974
0.93,69.6,0.94,33,0.6179396471901042,0.15,0.6594411073387307,0.937065706570657,70.7,0.5647332557753033,0.2931456112443315,0.10781357582088844,0.02877561195659916,0.0048671620883686696,0.0006647831145088915
1.12,71.4,1.15,67,0.7073842833468224,0.12,0.6256021890777353,1.1307253965809334,74.4,0.5222183682121248,0.3045438779049601,0.12606467028943616,0.039002582186765326,0.0071491887308744746,0.0010213126758392107
1.17,73.7,1.33,86,0.738487328665812,0.24,0.7048614535055714,1.04770565193061,83.4,0.5097130460506853,0.30499950695197714,0.134010452618085,0.04062715708510009,0.009663741248397594,0.0009860960457548566
1.14,70.9,1.26,87,0.7506590666191664,0.15,0.7040612753829711,1.0661842837625866,81.3,0.5102956893480585,0.29850374064837903,0.1340577128607054,0.046063412896330605,0.009547559672247952,0.0015318845742785892
1.13,72.8,1.13,64,0.7212141652613828,0.1,0.6042495784148398,1.1935699933020762,71.7,0.5081956155143339,0.3179089376053963,0.1281618887015177,0.036762225969645866,0.008161888701517706,0.0008094435075885329
1.03,70.6,1.01,49,0.6532877403441897,0.16,0.661359941700768,0.987794541447703,72.6,0.5546275015415663,0.28695554683558494,0.1178317170244969,0.032793318011099276,0.006670777509950109,0.0011211390773025393
1.15,71.5,1.25,90,0.763973049705496,0.16,0.702826390948769,1.0870010852526226,82.2,0.5081994999788126,0.29391075893046315,0.13835332005593456,0.04631552184414594,0.011695410822492478,0.0015254883681511929
1.07,71.3,1.09,58,0.6637420718816067,0.17,0.6664552501761805,0.9959289415247965,76.6,0.5428823114869626,0.29746300211416493,0.11990838618745596,0.03312191684284708,0.006025369978858351,0.0005990133897110641
1.14,73.4,1.2,78,0.719429561928774,0.16,0.6672707217144658,1.078167434171685,79.2,0.5179640718562875,0.3021588402143082,0.13165773715726442,0.03971005357705641,0.007721399306649859,0.000787897888433659
1.11,73.6,1.05,66,0.6927414745665841,0.15,0.6307868165364832,1.0982180610087586,76.4,0.5321775576300247,0.29959992379500855,0.12089921889883787,0.038940750619165555,0.007391884168413031,0.0009906648885502
1.09,71.8,1.17,84,0.744926445218155,0.14,0.6569116401618519,1.1339827149883015,80,0.5018035820708259,0.31112574887864247,0.136727204290957,0.041686270819610426,0.00799849440105392,0.0006586995389103227
1.11,71.4,1.18,74,0.7060357189414679,0.19,0.6883066093077825,1.0257575757575759,80,0.5230087341937166,0.3049146134793378,0.12475557293703558,0.03897796897405814,0.007039499413375049,0.0013036110024768608
1.09,72.4,1.05,53,0.6929147078576225,0.1,0.6047683008730692,1.1457523598001111,69.3,0.523113946720394,0.31156256995746584,0.12217371837922543,0.03604208641146183,0.006659950749944034,0.00044772778150884264
1.18,73.6,1.22,87,0.7845904298459043,0.11,0.5858880778588808,1.3391472868217054,78.3,0.4819140308191403,0.31987023519870234,0.1411192214111922,0.046390916463909165,0.010218978102189781,0.00048661800486618007
0.98,69.4,1.1,59,0.6731852414404151,0.15,0.6855473282281712,0.9819675662368834,75.1,0.5469485053688585,0.2878720756070291,0.11978144843153386,0.03674872898339768,0.007742126025778959,0.0009071155834018944
1.14,73.6,1.16,75,0.7176801474153817,0.16,0.6463000678886626,1.1104441776710685,78.6,0.515759868102027,0.30879643099602366,0.12704878285326351,0.04005431093007468,0.007079817670449035,0.001260789448162157
0.98,70.7,1.05,57,0.6688919108254008,0.16,0.6718795071496271,0.9955533748351683,75.6,0.5385502946388099,0.3014381670581448,0.11985412288292743,0.03385255697037129,0.005624922734577821,0.0006799357151687477
1.05,70,1.08,67,0.6958817317845829,0.16,0.6999388651142111,0.99420358901064,76,0.5298171511143223,0.29878286000111154,0.12510420719168566,0.0389040182293114,0.006780414605679986,0.0006113488578891791
1.04,71.2,1.03,49,0.6537661633059046,0.18,0.6692286825210236,0.976895014187272,72.5,0.5560177231214396,0.28555927299032463,0.11501944117913011,0.036260059679898725,0.006329686228411248,0.000813816800795732
1.08,69.2,1.13,71,0.6983342966738479,0.14,0.680862802795439,1.02566081420027,77.8,0.5356786296043298,0.28958015868845566,0.1260049393095476,0.039225474226262415,0.0084861541695129,0.0010246440018916504
1.07,71.4,1.03,58,0.675524908964128,0.15,0.642364608352057,1.0516222409841998,75,0.5359882234446425,0.30301386844348027,0.11668087084527776,0.038351282249941894,0.005733323003021616,0.00023243201363601146
1.08,73.6,1.07,78,0.7166719369059356,0.16,0.6252301854504194,1.1462529378514266,80.4,0.5156154089395658,0.3076765685162106,0.13044772232659363,0.0380387269582039,0.007384535257900709,0.0008370380015252693
1.01,69.1,1.06,46,0.6463683052090976,0.15,0.698459280997799,0.9254201680672269,73,0.5542512431727399,0.29189424200429337,0.11483383603706421,0.03187413385505829,0.0065487350887204155,0.0005978098421238553
1.09,69.8,1.25,73,0.7017491972283252,0.19,0.7158610782491127,0.9802868441244171,79.5,0.5295757985465608,0.2974480310968396,0.12459861416258239,0.039547067770829815,0.007689707622105797,0.0011407808010816293
1.12,72.9,1.06,65,0.7218716402561586,0.09,0.5904267751133548,1.2226268703982266,71.6,0.5074790819426915,0.31690272519048285,0.13036974711354182,0.03751227036881223,0.006988267190202403,0.0007479081942691534
1.01,70.2,1,44,0.6439260931360254,0.18,0.6922498118886381,0.9301932367149759,71.9,0.5548031101078506,0.29194883370955604,0.11570938884708637,0.030432238107181674,0.006270378730875345,0.000836050497450046
1.07,72.9,1.03,56,0.668026869232218,0.2,0.6616234540774688,1.0096783376031881,74.9,0.5408374662565133,0.2993282691945508,0.11921652332224245,0.033021533052922346,0.006780086634440329,0.0008161215393307803
1.08,70.4,1.24,85,0.7440884632472725,0.15,0.6785802438663178,1.0965371744507493,81.7,0.5112306856888976,0.30147603297625514,0.1325961396060621,0.04270128844350101,0.010662980698030311,0.001332872587253789
1.21,73.6,1.26,92,0.7703728813559322,0.18,0.6450169491525424,1.1943451755307968,84.6,0.49715254237288137,0.30454237288135594,0.1416271186440678,0.04535593220338983,0.010101694915254237,0.0012203389830508474
1.03,73.1,0.98,59,0.6796757534157024,0.14,0.636181386328474,1.0683678712108238,74.2,0.5375999651347759,0.2974657340219215,0.12124381687041032,0.03571506395589549,0.007299906299710183,0.000675513717286614
1.03,71.5,0.98,39,0.637301918265221,0.16,0.643348623853211,0.9906011991573489,71,0.5582777314428691,0.292743953294412,0.10957047539616346,0.03304837364470392,0.005525437864887406,0.0008340283569641367
1.12,71.8,1.13,71,0.7282362438478165,0.11,0.6274836592797063,1.160566069057105,74.4,0.5070440873935574,0.3149657561001016,0.1297622457748496,0.039894794406395664,0.007603968646649827,0.0007291476784458738
1.02,70.2,1.03,50,0.6612228233132592,0.16,0.6965397570684904,0.9492966002344666,71.9,0.5493518424007349,0.29039501888333163,0.1166683678677146,0.0374604470756354,0.0055118913953251,0.0006124323772583443
1.07,72.5,1.06,54,0.6603526536312849,0.19,0.6692562849162011,0.9866962305986696,75,0.5432087988826816,0.2995810055865922,0.11792946927374302,0.03247206703910614,0.006546787709497207,0.00026187150837988826
1.15,71.7,1.3,94,0.7844112769485904,0.14,0.6616380463275022,1.1855595084087969,85.2,0.49339324880971486,0.3049091460261417,0.14064088161343818,0.048021541040318125,0.011448135665757236,0.0015870468446298972
1.13,72,1.14,83,0.7435159838537558,0.15,0.6637591054609567,1.1201593736893611,79.4,0.5088386767503363,0.30237089964274116,0.1359903493713172,0.04277826752656243,0.009279450656521134,0.0007423560525216907
1.12,73.4,1.08,72,0.7336962685720767,0.12,0.6224339344448225,1.1787536443148687,73.9,0.5077690824543496,0.3120108880571623,0.13020301689917205,0.03992287626176704,0.008959963706476125,0.0011341726210729274
1.02,68.9,1.04,41,0.6425675675675676,0.14,0.6547297297297298,0.9814241486068112,70.7,0.5537162162162163,0.29428274428274426,0.11418918918918919,0.03183471933471933,0.005483367983367984,0.0004937629937629938
1.13,73.8,1.19,70,0.7062221801306942,0.2,0.6656880386400227,1.0608905961018638,76.9,0.5235344256084856,0.30362723742778674,0.12520125011838243,0.038829434605549766,0.008334122549483852,0.0004735296903115825
1.1,73.9,1.09,59,0.6847579094563887,0.19,0.65294528928509,1.0487217239994646,75,0.5328613878692536,0.3055409893375284,0.11536444677503933,0.037493445201887785,0.007690963118335955,0.001048767697954903
1.13,73,1.2,77,0.716688874083944,0.2,0.6704974461470131,1.068891280947255,79.4,0.5214301576726627,0.30052187430601823,0.12858094603597603,0.04008438818565401,0.00816122584943371,0.0012214079502553853
1.13,73.8,1.05,59,0.7036717476751989,0.1,0.5732432173329498,1.227527385232879,71.2,0.5187901447608091,0.3121464864346659,0.12323842392867415,0.039066244847090405,0.005943821301888601,0.0008148787268718243
1.05,72.7,1,47,0.6564984709480123,0.17,0.6447247706422018,1.0182615913672477,71.7,0.5518348623853211,0.2913608562691132,0.11536697247706422,0.0327217125382263,0.007339449541284404,0.0013761467889908258
1.05,71.6,1.03,53,0.6613693153423288,0.17,0.6555722138930534,1.0088428114041774,73.6,0.5464267866066966,0.2938530734632684,0.11904047976011994,0.03378310844577711,0.0063968015992004,0.0004997501249375312
1.07,71.3,1.06,54,0.6863525695861025,0.12,0.6377574521287096,1.0761968633924885,70.6,0.5268803053234191,0.30887675199052445,0.12275449101796407,0.03451339080081595,0.006448641179180101,0.0005264196880963348
0.97,70.4,0.88,18,0.5831360946745562,0.18,0.6680473372781065,0.8728963684676705,66,0.5872781065088757,0.2809171597633136,0.09911242603550297,0.027218934911242602,0.005029585798816568,0.0004437869822485207
1.02,70.4,1.02,40,0.6446976149914821,0.13,0.6647501419647928,0.9698344901227977,70.3,0.5572118114707553,0.2921280522430437,0.10796422487223169,0.035029812606473594,0.006778818852924475,0.0008872799545712664
1.11,71.2,1.14,76,0.7141109490424882,0.16,0.6627770197148638,1.0774527900042596,79,0.5226085729073543,0.30122806192067003,0.12689973180256905,0.0393356232061356,0.008563496918082152,0.0013645132451889145
1.08,71.9,1.13,65,0.698121191604604,0.18,0.6909275558564658,1.0104115629593338,75.4,0.5248815165876777,0.3068720379146919,0.123645903859174,0.035375761679079215,0.008293838862559242,0.000930941096817874
1.04,73.6,0.88,35,0.6285883616698151,0.13,0.6015483201837242,1.0449507389162562,70.1,0.5590991591658332,0.29492165796199576,0.11060488202392858,0.029595881023817463,0.005222802533614846,0.00055561729081009
1.11,71.7,1.09,65,0.7045101707734565,0.12,0.6153815532821145,1.1448347241089334,73.8,0.5246606424903467,0.30185900242824726,0.12638828072130887,0.039170415190478085,0.00724493451693802,0.0006767246526810239
1.14,72.8,1.1,70,0.7224701483536364,0.13,0.5952840429381256,1.2136561645223383,74.7,0.501206127125799,0.32354360149559763,0.13388011096369556,0.03443492944156314,0.006814618260764685,0.00012061271257990592
1.11,72.1,1.15,75,0.7061967355192835,0.19,0.6692907698974433,1.0551419013704544,78.7,0.5280947566084068,0.29438104867831866,0.12920699118879098,0.04044489383215369,0.007294525494727719,0.0005777841976021956
1.05,71.9,1.02,51,0.6587957497048406,0.17,0.6607634789452971,0.9970220369267421,73.3,0.5477174340810704,0.29309327036599764,0.11816214088941361,0.03512396694214876,0.005509641873278237,0.0003935458480913026
1.02,70.1,1.03,49,0.6489312482650135,0.18,0.7062089386508744,0.9188941299790356,74.6,0.5503377440547793,0.29615064310169337,0.1146479133894698,0.032386416211714626,0.0060608864624780235,0.0004163967798649024
1.05,70.2,1.09,60,0.6808559701148366,0.15,0.6919706682654614,0.9839376166355639,75.2,0.5376101093022183,0.29815984872941936,0.11921782041230457,0.036710787252686436,0.007379052714107826,0.0009223815892634783
1.09,72.2,1.05,59,0.6760946770729218,0.14,0.6402824149884099,1.0559319782117709,74.9,0.5363970822788848,0.30042745039661445,0.12179146375178104,0.03411096697360866,0.006613784743636093,0.0006592518554749804
1.15,71.5,1.19,80,0.7510353866317169,0.12,0.6279423328964613,1.1960260477542162,77,0.4966710353866317,0.31580602883355174,0.13782437745740497,0.0400524246395806,0.008807339449541285,0.0008387942332896461
0.96,70.9,0.98,41,0.6451514341366535,0.14,0.6702058587633197,0.9626168224299065,70.5,0.5540045067410152,0.2937784058358477,0.11326051254630867,0.0318527288698774,0.0063399915976014975,0.000763854409349578
1.01,70.2,1.15,72,0.6993035641130684,0.16,0.6881356535988458,1.0162292281410157,78.9,0.5321411395899756,0.29478296492884243,0.12480629820280356,0.03945282581978163,0.007712448568833158,0.0011043228897636393
1.12,72.8,1.07,71,0.7010572216051668,0.14,0.6334896540375993,1.106659307120361,78,0.5288164877205973,0.29774980459911965,0.12659920194166768,0.0380723188942367,0.00791887778189148,0.0008433090624871447
1.07,70.9,1.05,63,0.691073512252042,0.15,0.6682711007390121,1.0341214987268097,75.5,0.5304356281602489,0.3027032283158304,0.12145079735511474,0.03695060287825749,0.007681835861532478,0.0007779074290159471
1.15,73.2,1.13,77,0.7549966465459423,0.09,0.6078470824949698,1.2420831954099085,74.2,0.501945003353454,0.3064386317907445,0.13615023474178403,0.04641180415828303,0.008249496981891348,0.0008048289738430583
1.03,71,1.11,69,0.6986732207202516,0.15,0.6639728395576013,1.0522617479139218,77.5,0.5292537126908416,0.29980629439086875,0.124034075524359,0.03759555101955802,0.008539709649871904,0.0007706567245006353
1.07,69.1,1.17,79,0.7275376013859359,0.15,0.735057878573116,0.989769136000857,79.3,0.5216552484447594,0.29714938184108985,0.12520670918969998,0.04516103630207103,0.009646428852665563,0.0011811953697141507
0.85,64.9,0.78,10,0.5447070914696814,0.12,0.7122302158273381,0.7647907647907648,64,0.6125385405960946,0.2672147995889003,0.09249743062692703,0.020554984583761562,0.0051387461459403904,0.0020554984583761563
1.06,72.1,1.07,52,0.6529520980319347,0.22,0.6836242109171927,0.9551330798479087,75.4,0.5468993687337542,0.2989974006683995,0.11570738952840698,0.031711845525436315,0.0060155959896026736,0.000668399554400297
0.91,68.3,0.9,31,0.6202509120028472,0.14,0.6835127680398612,0.9074459776099973,69.2,0.5617047780051606,0.29575585016460537,0.10899546222973575,0.02838330812349853,0.004893673814396299,0.00026692766260343444
0.97,70.3,1.02,50,0.6645523242500573,0.13,0.6763911151820472,0.9824971223508701,72.6,0.5416762079230593,0.30054957636821616,0.11712846347607053,0.03379894664529425,0.006182734142431876,0.0006640714449278681
1.15,73,1.11,81,0.7396914828361769,0.12,0.6117636367766999,1.209113190730838,78.4,0.5056682645341573,0.3090396892109867,0.13506145352931823,0.04130222414067292,0.008019628779789626,0.0009087398050753119
0.88,62.6,0.44,14,0.5815416885159937,0.04,0.6722600943890928,0.8650546021840874,47.6,0.5977975878342947,0.26428945988463554,0.1048767697954903,0.026743576297850027,0.0057682223387519665,0.0005243838489774515
1.02,72.7,0.99,34,0.6229225124109649,0.2,0.6741851931793654,0.923963502481191,70.5,0.5610835311892942,0.2962443341247572,0.10727390459745305,0.0302180012950572,0.004424778761061947,0.00075545003237643
1.24,73.9,1.34,97,0.8432775124606369,0.11,0.6335217200892578,1.3310948712884325,85.1,0.4606994640362036,0.3160726575045359,0.15726470772246667,0.05299159558716189,0.01151175157973765,0.001459823569894267
1.08,72.4,1.03,58,0.6633627186772028,0.17,0.6302014342483899,1.0526201348119157,75.8,0.5472525464760426,0.2900470470013246,0.12223085004339286,0.03338966793038871,0.006714474946329877,0.00036541360252135386
1.05,72.5,0.97,48,0.6588122508703769,0.16,0.6475099651849235,1.0174549988311385,72,0.5414501236187497,0.3018820323931581,0.11943084918512538,0.031232655532569757,0.005651142842726676,0.00035319642767041727
1.13,73.7,1.08,57,0.6975361696032087,0.12,0.5855178341211861,1.1913149847094802,71.3,0.5202693023922074,0.31320727689442773,0.12290502793296089,0.03645609511531299,0.0066609368285345935,0.0005013608365563673
1.14,72.7,1.13,72,0.7302335830762451,0.11,0.6078889378580873,1.201261509461321,74.4,0.5134420449537241,0.30524460114587926,0.12983693256941384,0.04151608638166593,0.009034817100044073,0.0009255178492728074
1.09,72.3,1.04,56,0.6989572249414769,0.11,0.6180889550968292,1.130835973006473,69.8,0.5224941476909981,0.3081506703553948,0.12487763353905086,0.03715684188125133,0.007022770802298362,0.00029793573100659715
1.07,70.7,1.06,67,0.6968395892351275,0.15,0.6723176345609065,1.0364737639080914,76.3,0.5285499291784702,0.3015226628895184,0.12283109065155808,0.03926168555240793,0.007303470254957507,0.0005311614730878187
0.9,69.1,0.87,28,0.6081280642684151,0.16,0.672160198475988,0.9047367958520081,69.1,0.5687282178510249,0.2928111524602753,0.10449524484612203,0.029771398192450824,0.003987240829346092,0.0002067458207809085
1.05,68.2,1.12,61,0.6959638874137015,0.14,0.6872012745618693,1.0127511591962906,73.4,0.5339883165161976,0.29739776951672864,0.11789697291556028,0.041157727031332976,0.008497079129049389,0.0010621348911311736
1.11,72.7,1.07,69,0.7005142197502361,0.15,0.6364361423024452,1.100682650133562,77.6,0.5220904606989191,0.30825899884562913,0.1247769965368874,0.03744359324168328,0.00677930527862315,0.0006506453982579494
1.14,70.9,1.23,81,0.7310952865378094,0.19,0.6692946761614107,1.0923369221025965,79.8,0.5188199389623601,0.2969650729060698,0.1308070532383859,0.042726347914547304,0.009070871481858258,0.001610715496778569
1.26,76.3,1.21,86,0.7738636363636363,0.11,0.537528409090909,1.4396702077057237,78.4,0.48551136363636366,0.3206818181818182,0.13920454545454544,0.044744318181818184,0.00875,0.0011079545454545454
1.11,70.3,1.16,82,0.7386185777475331,0.14,0.6932800272201429,1.0653971681676524,80,0.5111092208234094,0.3041340592038108,0.13162640353861857,0.04236134739707383,0.00969717591017353,0.0010717931269139164
1.08,69.1,1.17,80,0.7274803349403705,0.16,0.721009895965491,1.0089741333802569,79.3,0.5177619893428064,0.29941639177873636,0.13017000761228115,0.043897487947221515,0.0077391524993656435,0.0010149708195889369
1.11,72.3,1.16,72,0.7082782028418569,0.19,0.6606454582062935,1.0721003134796239,77,0.522637059195766,0.30127135707300234,0.12943680607490077,0.0390036242305701,0.007133406201461198,0.000517747224299603
1.02,68.9,1.06,53,0.6616624225609061,0.15,0.6940823229827828,0.9532909867484394,74.2,0.5472235946942343,0.29409752574968645,0.1169852913230208,0.03397818402949337,0.006917258941127285,0.0007981452624377637
1.09,72.7,1.05,61,0.6806628932186786,0.15,0.6460215521933167,1.0536225779275485,75.5,0.5370904539022532,0.2976488516381844,0.12123108740611734,0.03635572003918581,0.006884728420594318,0.0007891585936649614
1.09,73.2,1.01,58,0.6808677469942499,0.14,0.629595748388221,1.0814363799903135,74,0.5365481791252832,0.29952953476215366,0.11940233490155079,0.03624324795260498,0.007579717720857292,0.0006969855375500958
1.13,73.8,1.07,63,0.6996124031007752,0.14,0.5936046511627907,1.178583088475351,74.4,0.5180878552971576,0.3145994832041344,0.12532299741602068,0.033979328165374675,0.007622739018087855,0.0003875968992248062
1.14,72.3,1.14,65,0.7125320886814469,0.1,0.6017036172695449,1.1841911336927433,72.8,0.5187864644107352,0.30653442240373396,0.12739789964994166,0.03883313885647608,0.007537922987164527,0.0009101516919486581
0.93,69.4,0.95,39,0.6355448433337562,0.14,0.6772983454449901,0.9383528656285118,71.6,0.5534694913104148,0.29968648629057104,0.1113789166560954,0.029376053351697143,0.005545386999148257,0.0005436653920733586
1.02,69.4,1.05,60,0.6866620634098625,0.14,0.6562374129696761,1.0463622613384773,73.7,0.531460383221129,0.3023476609701364,0.1229501122043846,0.035919788250187004,0.006588411300995454,0.0007336440531676161
1.06,72.6,1.04,49,0.6616149068322982,0.16,0.6519875776397516,1.0147661236543775,72.4,0.5455900621118013,0.2968944099378882,0.11565217391304349,0.03459627329192547,0.006708074534161491,0.0005590062111801242
1.06,71.8,1.16,80,0.7292930864581713,0.14,0.6684041284165759,1.0910960232783704,79.6,0.5113323997717961,0.30768632332347906,0.13150251542969763,0.04032467195684871,0.008194595715989834,0.0009594938021886832
1.08,72.4,1.17,80,0.7322679380775796,0.15,0.6490081817646712,1.1282876836568112,79.1,0.5129789864029666,0.303873094355171,0.13252692918947553,0.04020248396020955,0.009358996998057567,0.0010595090941197245
1.08,72.5,1.12,60,0.6779252110977081,0.19,0.6659831121833535,1.0179315341423656,74.8,0.5361881785283474,0.29867310012062726,0.12472858866103739,0.032569360675512665,0.0071170084439083235,0.0007237635705669482
1.02,69,1,44,0.6418342993521992,0.14,0.664571258097511,0.9657870266457178,72.8,0.5545516535969996,0.2946002386634845,0.11234231162632118,0.032198261166041596,0.005583020797817934,0.0007245141493351518
1.14,72.8,1.12,79,0.7315842162342537,0.14,0.6367731709351798,1.1488929647582864,78.1,0.510511387336281,0.3069575373321098,0.13381162926503712,0.03900058396596313,0.008592642028864603,0.0011262200717443898
1.11,71.1,1.17,77,0.7174723935443366,0.17,0.6867821398234664,1.044687029468703,80,0.515972965985892,0.30749344462089595,0.12903940613805073,0.03911068434464675,0.007349410939173468,0.0010340879713409904
1.08,70.9,1.11,64,0.6824659654874107,0.16,0.6646177662432272,1.026854833184901,77.4,0.5357191640486272,0.29945817966580157,0.1207485316213632,0.035286618403678915,0.008286663934799435,0.0005008423257296362
0.95,70.5,0.97,41,0.6337321497491316,0.15,0.6602555855739954,0.9598285324586757,71.7,0.5588147004588533,0.29094300784767785,0.114348814271624,0.030254299069428364,0.004974484326086024,0.0006646940263304601
1.14,72.4,1.17,78,0.7198469846984699,0.16,0.654065406540654,1.1005733944954128,79.7,0.5221272127212722,0.29792979297929795,0.12856285628562855,0.041854185418541856,0.0084008400840084,0.0011251125112511251
1.12,71.4,1.15,81,0.7245173698176595,0.16,0.6737590379044234,1.0753360312183842,81,0.5122818122063442,0.30756871241814154,0.1323611753536042,0.03970591815371132,0.007303357109818147,0.0007790247583806023
1,70.2,1.15,68,0.6922680538856035,0.14,0.6864770691728216,1.0084358021160995,77.4,0.5338257306210585,0.29551198684759405,0.12504600888278164,0.03638995902142174,0.008637400927539077,0.0005889136996049371
1.09,71.7,1.06,53,0.6828385582237003,0.12,0.6151024600185846,1.1101216506321063,70.7,0.5284393798601262,0.3072822418936763,0.12441923020492003,0.033403433266493865,0.00577101775321563,0.0006846970215679561
1.05,72.6,1.09,74,0.7120173222663299,0.15,0.6486466979429809,1.0976966729720707,78.4,0.5175989414170576,0.3085528690003609,0.12734271622759533,0.03808492722242271,0.007626608925778901,0.0007939372067845543
1.15,73.4,1.13,66,0.7145403377110694,0.11,0.5884615384615385,1.2142515542802488,73,0.5172607879924953,0.3071763602251407,0.12940900562851781,0.036913696060037526,0.008395872420262664,0.0008442776735459662
1.09,71.7,1.15,64,0.6781286389478731,0.19,0.6745667511473389,1.0052802599512591,77.2,0.5404479758887595,0.2928282759093089,0.12357010754161243,0.035070895266799094,0.007466264812658401,0.0006164805808617029
1.11,71.7,1.14,76,0.712230004982269,0.17,0.6716684739603177,1.0603892137184745,79.8,0.5216142551507869,0.30215996014184815,0.12830808006799332,0.03947715483133554,0.007180328829752938,0.0012602209782831687
1.09,70.1,1.19,70,0.7259726682099917,0.1,0.6290979015756851,1.1539899694334808,73.6,0.5132925098947054,0.3064558285415578,0.1305914420132925,0.04110970054514226,0.007822418041968487,0.0007281009633335823
1.03,70.1,1.18,80,0.7124069658212299,0.17,0.6985620348291062,1.0198191861307073,82.5,0.5322927957222343,0.2882000144519113,0.12667100224004624,0.04240190765228701,0.009205867475973697,0.0012284124575475106
1.04,70.8,1.03,51,0.6578832223248577,0.16,0.6741698672759978,0.9758419268767577,73.7,0.5467937187029024,0.2957363022023433,0.11779862900481307,0.03281637415528222,0.006174340026253099,0.0006806359084058534
0.94,68.4,0.87,35,0.6401776822270349,0.13,0.6795080541899177,0.9421193439571943,67.1,0.5536129246431338,0.2963056640161874,0.11386522075910147,0.030114292037496642,0.005643465751908819,0.0004584327921718649
1.03,70.2,1.03,50,0.6586066429914351,0.15,0.680802172550658,0.9673979748389077,72.4,0.5520158763317318,0.2894819302277,0.114737831627324,0.036087319824524754,0.006998119908084396,0.0006789220806350533
1.09,71.7,1.1,69,0.6999230642413584,0.15,0.6656866516458757,1.0514302224790524,76.8,0.5286860471506293,0.2993075781722262,0.12513051601912403,0.03816563169753256,0.007693575864153432,0.0010166510963345607
1.02,69.4,1.06,48,0.6396917148362236,0.18,0.6966130417624254,0.9182884564116236,74.9,0.5569097198040718,0.2910834087796272,0.11470158089003413,0.030689230912087657,0.005942846530631195,0.000673213083548065
1.12,72.6,1.11,75,0.718631371159589,0.17,0.6580452497848863,1.0920698407814784,78,0.5165257883281875,0.30632180999139547,0.12891633345143494,0.039125373285417826,0.008452700308751329,0.0006579946348129776
1.03,72,0.98,35,0.6455331412103746,0.18,0.6462536023054755,0.9988851727982163,69.5,0.5554755043227666,0.3025936599423631,0.09438040345821326,0.03602305475504323,0.011527377521613832,0
1.14,72.9,1.15,83,0.7345282790359695,0.18,0.6667070364539179,1.1017257039055404,80.6,0.5142909046869323,0.3001089984255783,0.1339469540995519,0.041056073634491944,0.009628194259416252,0.0009688748940293085
0.98,69.7,0.92,30,0.616284052647689,0.14,0.6661157024793388,0.9251906993842478,67.8,0.5707376798285889,0.28460361187633915,0.10902969084787266,0.02950719314355678,0.005509641873278237,0.0006121824303642485
1.15,72.3,1.14,73,0.7376322619285286,0.1,0.5971651028149331,1.2352233217437818,74,0.5040926332601318,0.3150329407067279,0.13048512677181073,0.04092633260131763,0.0084647634258335,0.0009982032341784787
1.09,71.9,1.08,61,0.6781072234404296,0.15,0.6494422728572791,1.044137796046193,76,0.5392951345854388,0.2966599930085486,0.11996694950265357,0.03565640194489465,0.007563479200432199,0.0008580417580322243
1.21,74,1.22,83,0.7658962454582156,0.11,0.5910375454178441,1.2958504098360655,77.5,0.4936919660880097,0.31494751715785224,0.13539563988696005,0.04455995155429956,0.0105470327008478,0.0008578926120306823
1.1,74,1.09,76,0.7264008988223021,0.13,0.6234977830387417,1.165041670688934,77.1,0.5200529663142267,0.29855747045723574,0.12842324900186586,0.04217242140320607,0.009489797965612022,0.0013040948578536605
1.08,70.4,1.11,58,0.6980846325167038,0.12,0.6457906458797328,1.080976686439509,71,0.5274832962138085,0.30396436525612475,0.12071269487750556,0.03937639198218263,0.0077505567928730515,0.0007126948775055679
1.12,72.8,1.19,72,0.7067124537210925,0.16,0.6636261200837045,1.0649256144890038,76.7,0.5353865965552396,0.28706336856790254,0.12539571819498846,0.040886408756774156,0.010141117132585717,0.001126790792509524
1.13,72,1.19,82,0.7371484523744765,0.16,0.6779089376053963,1.087385652383245,80,0.5158026437469401,0.3006038187455802,0.12707392699776968,0.04515041070554317,0.009900451504107056,0.0014687483000598378
1.04,71.3,1.02,48,0.6504063032578359,0.15,0.6552473633511992,0.9926118587206453,72.9,0.5577839800429768,0.2860177340874849,0.11248054931212488,0.036036258552127845,0.007088695136710549,0.0005927828685750982
1.05,72,1.02,51,0.6590036428079157,0.16,0.658855961405927,1.0002241482367005,73.4,0.5483410455843261,0.2944767155656198,0.1152407206852417,0.03431131239539234,0.007039480161464999,0.0005907256079551048
1.18,74.7,1.13,77,0.7488756870801178,0.11,0.5809782910443618,1.2889908256880733,75.5,0.49336516573205264,0.32358003442340794,0.1333629448670257,0.04086391649547499,0.008161678973960357,0.0006662595080783965
1.1,71.5,1.15,73,0.7077643171806167,0.16,0.6866740088105727,1.0307137129109865,77.9,0.5276982378854626,0.2959801762114537,0.12698237885462554,0.04052863436123348,0.007819383259911895,0.0009911894273127754
1.09,70.7,1.16,77,0.7195938322677699,0.16,0.6989845806694246,1.0294845582696652,77.7,0.5242572395637458,0.29206468597217,0.1339601353892441,0.04001504324934186,0.008950733358405415,0.000752162467092892
1.03,71.1,0.96,33,0.6305019071259914,0.14,0.6165465883635043,1.0226346540973144,69.1,0.5519464793848762,0.3035357510443785,0.11140037537083006,0.028758249076708844,0.0039050675062057274,0.000454077617000666
1.11,71.9,1.14,72,0.7248030053142752,0.11,0.6063084112149533,1.1954361706146812,75,0.5136521898479017,0.3066932380428807,0.1307724024189115,0.03985706432105553,0.008131757375847535,0.0008933479934029687
1.07,71.1,1.15,61,0.6744683887541031,0.2,0.6888111888111889,0.9791774577851445,76.7,0.5403168260311118,0.2962751534180106,0.12095047809333524,0.03439417725132011,0.007207078635650064,0.0008562865705722849
1.16,72.6,1.36,97,0.8022312045270816,0.17,0.670816491511722,1.1959026271390696,88.9,0.48637025060630557,0.302570735650768,0.1473403395311237,0.051059013742926436,0.011511721907841553,0.0011479385610347614
1.01,68,1.01,55,0.6750524109014675,0.16,0.6823899371069182,0.989247311827957,72,0.539832285115304,0.29245283018867924,0.129979035639413,0.029350104821802937,0.007337526205450734,0.0010482180293501049
1.13,71.6,1.22,75,0.7048915165374533,0.19,0.677115288080763,1.0410214168039538,80.5,0.5230074181493669,0.3025266328294941,0.12990127726030454,0.036532991243237216,0.0071950471303474815,0.0008366333872497072
1.07,71.3,1.06,58,0.6681716671521507,0.17,0.6587047286144286,1.0143720518867925,75.6,0.545781143800369,0.29206719098941647,0.11908923196426838,0.035051946790950576,0.007282260413632392,0.0007282260413632391
1.11,71.4,1.21,79,0.7215997730818323,0.2,0.7072046518224365,1.0203549583876466,80.1,0.5181534534108637,0.3021557225925401,0.128988795915473,0.04205077294000851,0.007942135867252871,0.0007091192738618636
1.14,70.9,1.32,88,0.7404519624686137,0.22,0.7280296022201665,1.0170629878380832,84.9,0.5189639222941721,0.2908682436897053,0.1334742962865072,0.045328399629972246,0.010175763182238668,0.0011893749174045195
1.13,69.2,1.28,82,0.7271114095247231,0.15,0.6928444678912282,1.0494583463122555,81.2,0.5219174140329002,0.29355906191549563,0.131240707879718,0.04330727543043499,0.008728598148769843,0.0012469425926814061
1.09,72.9,1.01,54,0.6937431394072447,0.13,0.6147091108671789,1.1285714285714286,71.5,0.5060373216245884,0.33479692645444564,0.12403951701427003,0.029637760702524697,0.005488474204171241,0
1.16,73.5,1.12,82,0.7304314130715578,0.17,0.6327305605786618,1.1544114645000612,82.2,0.509532420563162,0.3104882459312839,0.1299922500645828,0.040738827176440194,0.008499095840867993,0.0007491604236631362
1.01,71.3,0.98,44,0.6533661601154597,0.16,0.6859665506409712,0.9524752475247524,70.3,0.5508107649206214,0.29357330843025725,0.11461074794125138,0.03412853383139486,0.00619747007386026,0.000679174802614823
1.15,73,1.16,78,0.7381979055832447,0.12,0.6368370946967575,1.1591628561378826,77,0.5099400795206361,0.30626645013160103,0.13020104160833287,0.04390435123480988,0.00862406899255194,0.0010640085120680964
1.01,72,0.99,36,0.6312897880875556,0.19,0.6705328333478678,0.9414748341786968,69.3,0.5617859945931805,0.2897880875555943,0.11022935379785471,0.03226650388070114,0.0054068195691985696,0.0005232406034708293
1.06,72.6,1.27,88,0.7493801909012024,0.17,0.706117515805132,1.0612683783190695,83.5,0.5048035205156812,0.3057828188917813,0.1354902689971489,0.04397545555968762,0.009080203297384406,0.0008677327383165985
1.05,70.8,1.06,56,0.6725890492867516,0.17,0.675407875629965,0.9958264828632857,74,0.539677116255232,0.29862475442043224,0.11941573417613394,0.03450926795934057,0.007260613308277099,0.0005125138805842658
1.1,73,1.07,60,0.6710316368638239,0.17,0.638019257221458,1.0517419799931012,76.8,0.540687757909216,0.29804676753782666,0.1197799174690509,0.03356258596973865,0.0068775790921595595,0.001045392022008253
1.14,72.7,1.13,67,0.7203220403090722,0.1,0.6005025125628141,1.1995321005983715,73,0.5114551250878047,0.3119360242070568,0.1303020478737775,0.038309828713459775,0.007132436375425514,0.0008645377424758199
0.98,68.7,0.95,35,0.6231170548901462,0.15,0.6822690866338452,0.9133010231556273,69.9,0.5664633698287898,0.2856565508119627,0.11128664854140642,0.03181717980748034,0.004445587478874274,0.0003306635314865163
1.09,72.5,1.1,69,0.7005783385909569,0.2,0.6756046267087277,1.0369649805447472,77.2,0.5252365930599369,0.3034963196635121,0.1256572029442692,0.03746056782334385,0.007360672975814932,0.0007886435331230284
1.33,75.7,1.44,98,0.8419141154505231,0.13,0.6034936954909332,1.39506696050178,87.4,0.4683751502595974,0.3083199058799458,0.1541471648891276,0.053812117956980994,0.012864779150361902,0.0024808818639862912